dx_rata,dx_sb,dx_med,dx_p95,dx_maks,dx_ncv,dy_rata,dy_sb,dy_med,dy_p95,dy_maks,dy_ncv,kecepatan_rata,kecepatan_sb,kecepatan_med,kecepatan_p95,kecepatan_maks,kecepatan_ncv,percepatan_rata,percepatan_sb,percepatan_med,percepatan_p95,percepatan_maks,percepatan_ncv,jerk_rata,jerk_sb,jerk_med,jerk_p95,jerk_maks,jerk_ncv,tekanan_rata,tekanan_sb,tekanan_med,tekanan_p95,tekanan_maks,tekanan_ncv,durasi_detik,fraksi_sentuh,n_episode,subjek,label
-0.06849954277276993,8.750255584716797,0.013388684019446373,1.877745509147644,366.7202453613281,0.6812396236856668,-0.08558681607246399,4.485281944274902,0.0067245131358504295,1.5511656999588013,183.4196319580078,0.7066961815163254,144.68125915527344,972.6431884765625,107.88339233398438,221.22169494628906,41003.23046875,0.6618705035971223,10134.296875,106940.015625,6211.7529296875,12077.9267578125,4445602.0,0.5888212506917543,1609626.875,12360551.0,1028187.875,2081628.0,497471168.0,0.5356945213060321,0.8638188242912292,0.07541199773550034,0.8859401941299438,0.9122978448867798,0.9187489151954651,0.6192584394023243,18.08,1.0,1.0,C_0001,0
0.049065131694078445,3.4972527027130127,0.01063651591539383,1.4299139976501465,146.72364807128906,0.7214348981399469,-0.017229000106453896,1.9341745376586914,0.012557861395180225,1.327229380607605,73.74327850341797,0.7409211691762622,107.3629379272461,384.9913024902344,87.50537109375,162.42379760742188,16421.296875,0.7156775907883083,8596.947265625,54100.453125,6017.7548828125,11608.482421875,2208075.25,0.5819309123117803,1487232.25,8011417.5,1041536.625,2050650.25,308968608.0,0.5358724534986714,0.8902702331542969,0.08255500346422195,0.9167103171348572,0.949208676815033,0.9583473205566406,0.6195748449955713,22.59,1.0,1.0,C_0001,0
0.09523249417543411,0.9752657413482666,0.019630128517746925,1.308640956878662,28.884315490722656,0.7174447174447175,0.010248225182294846,0.9460607171058655,0.0027268773410469294,1.3242793083190918,29.3480224609375,0.7403767403767404,89.86675262451172,102.35942077636719,82.14392852783203,157.55479431152344,4117.77880859375,0.687960687960688,6630.443359375,16531.8203125,5788.4814453125,11175.4140625,566855.5625,0.5733005733005733,1179718.375,3023616.0,985855.5,1984353.75,97863344.0,0.5290745290745291,0.7706812024116516,0.041532814502716064,0.7769253849983215,0.8019717931747437,0.8071346879005432,0.6408681408681409,24.43,1.0,1.0,C_0002,0
0.006599181331694126,5.576663017272949,0.027879364788532257,1.3904533386230469,252.23489379882812,0.721936589545844,-0.03547153249382973,2.950808525085449,0.009404455311596394,1.2285979986190796,128.34591674804688,0.7210796915167095,109.22013854980469,621.408447265625,84.67300415039062,154.4684295654297,28301.080078125,0.6829477292202228,9389.4189453125,81644.578125,5914.9873046875,11699.408203125,3592307.0,0.5844044558697515,1580958.125,11358814.0,1029000.6875,2056369.5,477935712.0,0.5261353898886033,0.9058058261871338,0.0937996357679367,0.9493870735168457,0.968432605266571,0.9839467406272888,0.6439588688946015,23.35,0.9995717344753747,1.5,C_0002,0
-0.020804770290851593,6.400755882263184,0.019389912486076355,1.1457685232162476,368.98101806640625,0.743365330321852,-0.03982844948768616,3.4505107402801514,0.004713010508567095,1.0963393449783325,194.72116088867188,0.7608695652173914,88.52091979980469,721.7625732421875,69.2861099243164,128.88812255859375,41720.8984375,0.6911349520045172,8234.181640625,87436.7421875,5691.638671875,10902.607421875,4936922.0,0.5798983625070582,1376212.875,11238907.0,959713.25,1899469.0,610289024.0,0.5539243365330322,0.824418306350708,0.05880573019385338,0.8362956643104553,0.8607906699180603,0.8724043965339661,0.5951439864483343,35.43,1.0,1.0,C_0003,0
0.039911750704050064,2.846341371536255,0.012910855934023857,1.1164618730545044,150.4005126953125,0.7381868131868132,-0.011463486589491367,1.5635124444961548,0.002742342883720994,1.0086678266525269,74.40424346923828,0.7579670329670329,76.87113189697266,315.5477294921875,66.0119857788086,126.22782897949219,16779.841796875,0.7142857142857143,7393.09033203125,44784.3671875,5929.2998046875,10707.0,2286048.25,0.5686813186813187,1281897.0,6698539.5,979735.3125,1897645.25,321939488.0,0.5598901098901099,0.8921424150466919,0.07677451521158218,0.9317538738250732,0.9524666666984558,0.9562097191810608,0.596978021978022,36.41,1.0,1.0,C_0003,0
-0.053730763494968414,7.884380340576172,0.017973100766539574,1.4468481540679932,356.701904296875,0.7147587511825922,-0.06974264234304428,4.185644626617432,0.003659592941403389,1.4732946157455444,184.8046875,0.6769157994323557,126.77749633789062,883.6491088867188,97.33380126953125,173.6339111328125,40173.25390625,0.6764427625354777,9839.6064453125,99170.4140625,6198.45947265625,12546.74609375,4435808.5,0.5950804162724692,1578594.125,11755197.0,1048481.125,2163434.75,508269024.0,0.533585619678335,0.873904287815094,0.05859965831041336,0.8882492184638977,0.9062276482582092,0.9111372232437134,0.6286660359508042,21.15,0.9995271867612293,1.5,C_0004,0
0.10741358250379562,1.0747389793395996,0.021075855940580368,1.5040013790130615,28.906375885009766,0.705122288878634,0.00650206720456481,1.0355300903320312,0.014441084116697311,1.4577561616897583,29.549997329711914,0.7429626211352099,100.77246856689453,110.6100082397461,91.29524230957031,180.76580810546875,4133.740234375,0.6774342408860176,6955.87060546875,17390.125,5978.5986328125,11475.4853515625,563815.3125,0.5879095523765574,1232318.625,3185000.5,1024227.5625,2070108.5,97717920.0,0.5325334563913244,0.9184870719909668,0.09441960602998734,0.9069281816482544,1.0,1.0,0.7508075680664513,21.68,1.0,1.0,C_0004,0
0.07732278108596802,4.498332977294922,0.009079184383153915,2.3074581623077393,146.45042419433594,0.7093275488069414,-0.026398343965411186,2.566250801086426,0.01518411934375763,2.1777074337005615,73.28350830078125,0.7136659436008677,171.3030242919922,488.8031005859375,143.1188201904297,270.821533203125,16376.263671875,0.67823571945047,10276.478515625,68600.7265625,6057.80078125,12440.4072265625,2195881.0,0.5639913232104121,1746450.25,10145290.0,1016456.1875,2169761.0,306708640.0,0.5234996384671005,0.8964272141456604,0.08379501104354858,0.9165068864822388,0.9817195534706116,0.9885178208351135,0.5676066522053507,13.84,1.0,1.0,C_0005,0
0.07130921632051468,4.244865894317627,0.005158015061169863,2.101673126220703,146.9374237060547,0.7374839537869063,-0.02283734269440174,2.398226261138916,0.02374962531030178,1.675114393234253,73.86498260498047,0.7246469833119383,153.212890625,462.90997314453125,129.28468322753906,236.37916564941406,16445.86328125,0.7124518613607189,9719.60546875,65184.00390625,5997.93994140625,11513.44140625,2211523.75,0.5648267008985879,1671277.375,9654803.0,1043728.3125,2102315.5,309672672.0,0.5301668806161746,0.9320501089096069,0.08792206645011902,0.9685918092727661,0.9955600500106812,1.0,0.5500641848523748,15.59,1.0,1.0,C_0005,0
0.08310916274785995,2.4614574909210205,0.025012001395225525,1.5655893087387085,86.9111328125,0.6876988335100742,-0.007104345131665468,1.5763111114501953,0.02296390011906624,1.5731078386306763,43.100799560546875,0.6622481442205727,122.74090576171875,265.40447998046875,103.3212661743164,205.9099884033203,9701.146484375,0.6500530222693531,8545.0458984375,38359.30078125,6281.43408203125,12706.77734375,1322065.875,0.6182396606574762,1441190.625,5944065.5,1048901.625,2103918.5,187761440.0,0.5768822905620361,0.820088803768158,0.05386772006750107,0.8309074640274048,0.8731696009635925,0.8766554594039917,0.5890774125132555,18.87,1.0,1.0,C_0006,0
0.12238160520792007,1.314491629600525,0.014525353908538818,1.8560963869094849,29.048616409301758,0.7390783961699581,0.008447838947176933,1.2022488117218018,0.02305804193019867,1.523335337638855,29.31827163696289,0.7318970676241772,123.61481475830078,128.85171508789062,113.71044921875,217.1252899169922,4127.2060546875,0.7001795332136446,7152.8798828125,20077.986328125,5958.43359375,11524.8603515625,567975.125,0.5769000598444045,1282102.25,3611319.0,1042231.4375,2068672.75,98069576.0,0.5242369838420108,0.9145157933235168,0.08471328765153885,0.944930911064148,0.9728500247001648,0.9779894948005676,0.6098144823459006,16.72,1.0,1.0,C_0006,0
0.05732990801334381,4.422456741333008,0.04388962686061859,2.052424907684326,162.29766845703125,0.737801293356849,-0.025502070784568787,2.4566190242767334,0.011601326987147331,1.545342206954956,81.94512176513672,0.7236919459141682,142.345703125,485.497802734375,115.7492904663086,222.28582763671875,18181.181640625,0.6878306878306878,9755.2734375,67564.3671875,6293.708984375,11572.7861328125,2425612.5,0.582010582010582,1673605.625,9897203.0,1062738.0,2085191.75,336848224.0,0.5291005291005291,0.8637283444404602,0.06182843819260597,0.8810743093490601,0.9253259897232056,0.938226044178009,0.5967078189300411,17.02,1.0,1.0,C_0007,0
0.1263236403465271,1.180773138999939,0.01812058314681053,1.5927406549453735,28.99601173400879,0.7154650522839846,0.014876828528940678,1.144339680671692,0.018641019240021706,1.5163770914077759,29.325969696044922,0.7110621904237755,113.37248992919922,119.77415466308594,101.07713317871094,202.6466827392578,4124.052734375,0.6879471656576774,7249.513671875,19150.8203125,6099.552734375,11811.8984375,567133.0,0.5767749036873968,1292085.625,3501848.75,1034751.625,2118233.0,97953824.0,0.5415520088057237,0.9483116865158081,0.08885771781206131,0.9807258248329163,1.0,1.0,0.7116125481563016,18.18,1.0,1.0,C_0007,0
0.04254652187228203,1.4500792026519775,0.010175853036344051,0.8945186138153076,71.99172973632812,0.7297090352220521,-0.002643066458404064,0.9635448455810547,0.0010259124683216214,0.9003803133964539,37.43413543701172,0.7388973966309341,64.2400131225586,161.87301635742188,64.16160583496094,113.72260284423828,8114.26123046875,0.6717713118938233,6692.998046875,23565.107421875,5785.3759765625,11027.458984375,1118876.375,0.5742725880551302,1168730.75,3714960.5,982234.625,1947142.25,159243984.0,0.5431342521694742,0.6039614081382751,0.06255399435758591,0.6070080995559692,0.6702441573143005,0.6858075857162476,0.6174068402246043,39.19,1.0,1.0,C_0008,0
0.04318470135331154,0.584413468837738,0.00492139533162117,0.8439353108406067,27.57378578186035,0.7380597014925373,0.003454972989857197,0.5993598699569702,0.0001203552310471423,0.8442221879959106,29.315563201904297,0.7399253731343284,47.056640625,69.36969757080078,43.988033294677734,101.38509368896484,4024.5693359375,0.5981343283582089,5433.27294921875,10648.7822265625,5116.0380859375,10616.0830078125,553637.3125,0.5722014925373134,949805.8125,1961268.625,853911.5625,1868668.0,95609424.0,0.5393656716417911,0.5208116769790649,0.06498757749795914,0.521681547164917,0.6140375137329102,0.6303898096084595,0.6751865671641791,53.61,1.0,1.0,C_0008,0
0.04815090820193291,0.7329155206680298,0.007596331182867289,0.8486754298210144,29.314172744750977,0.7388059701492538,0.005822657607495785,0.6637035608291626,-0.000704496109392494,0.8601834774017334,29.460556030273438,0.7201492537313433,53.14762496948242,83.5196304321289,54.22721481323242,101.26656341552734,4156.013671875,0.656301824212272,6376.64501953125,13208.1552734375,6014.224609375,11156.7919921875,571709.0,0.5891376451077943,1117422.5,2358954.25,1008304.5,1970325.75,98731040.0,0.5543117744610282,0.7183824777603149,0.056354720145463943,0.7358844876289368,0.7810295820236206,0.7901021838188171,0.6710199004975125,48.25,1.0,1.0,C_0009,0
0.042805708944797516,0.6118976473808289,0.0061950706876814365,0.8520484566688538,29.174331665039062,0.7275193798449613,0.004499285016208887,0.6063768863677979,0.00012706161942332983,0.8439746499061584,29.013168334960938,0.7255813953488373,49.66780471801758,70.51773834228516,49.53311538696289,100.39311981201172,4114.4931640625,0.6261627906976744,5938.560546875,10985.939453125,5753.68017578125,10802.3720703125,565946.125,0.5967054263565892,1038159.3125,2025921.0,950792.5625,1898806.25,97739552.0,0.5655038759689922,0.7406883239746094,0.03668135032057762,0.7350568771362305,0.781878650188446,0.8145036101341248,0.6951550387596899,51.61,1.0,1.0,C_0009,0
-0.04621510207653046,3.4549663066864014,-0.0005543638253584504,0.7861137986183167,98.06851196289062,0.7555762081784386,-0.0503963977098465,3.46010684967041,-5.684341886080802e-14,0.7505009770393372,98.0726318359375,0.7946096654275093,55.02139663696289,485.9122619628906,7.9260735511779785,88.56773376464844,13869.2724609375,0.4433085501858736,8441.8583984375,68621.015625,1863.1524658203125,9511.8681640625,1855094.875,0.5,1415027.625,10373199.0,426741.59375,1622245.0,258242128.0,0.5223048327137546,0.0,0.0,0.0,0.0,0.0,0.0,10.77,0.0,0.0,C_0009,0
0.058787569403648376,0.7499274015426636,0.013194716535508633,0.9133895635604858,28.88005256652832,0.7266187050359713,0.0069099050015211105,0.751040518283844,0.0,0.9534295201301575,29.460556030273438,0.7096608427543679,64.6176986694336,84.4045181274414,66.67376708984375,121.61172485351562,4125.50830078125,0.6826824254881809,6567.4296875,13309.845703125,6076.74072265625,11914.33203125,567523.125,0.5860739979445015,1151258.375,2428210.25,1045776.9375,2063942.375,98007392.0,0.5405960945529291,0.8355942368507385,0.09872227907180786,0.8608404397964478,0.9238415956497192,0.9626784920692444,0.6071428571428571,38.93,1.0,1.0,C_0010,0
-0.010606007650494576,5.196714878082275,0.009409071877598763,0.940483570098877,305.2373962402344,0.7148562300319489,-0.029218170791864395,2.705054759979248,0.0,0.9921008348464966,154.19325256347656,0.7180511182108626,77.78966522216797,580.6807861328125,65.5394515991211,128.483642578125,34197.28515625,0.6578807241746539,7979.50830078125,72400.7734375,5836.857421875,11458.171875,4152571.75,0.5899893503727369,1329209.0,9597394.0,981877.375,1987552.0,528066880.0,0.5540468583599574,0.8723831176757812,0.08314649760723114,0.8610202670097351,0.9837468266487122,1.0,0.6307241746538871,37.57,1.0,1.0,C_0010,0
-0.04621510207653046,3.4549663066864014,-0.0005543638253584504,0.7861137986183167,98.06851196289062,0.7555762081784386,-0.0503963977098465,3.46010684967041,-5.684341886080802e-14,0.7505009770393372,98.0726318359375,0.7946096654275093,55.02139663696289,485.9122619628906,7.9260735511779785,88.56773376464844,13869.2724609375,0.4433085501858736,8441.8583984375,68621.015625,1863.1524658203125,9511.8681640625,1855094.875,0.5,1415027.625,10373199.0,426741.59375,1622245.0,258242128.0,0.5223048327137546,0.0,0.0,0.0,0.0,0.0,0.0,10.77,0.0,0.0,C_0010,0
-0.025800511240959167,5.629951000213623,0.010742259211838245,0.8930606245994568,362.1767883300781,0.7178705440900562,-0.03490859270095825,2.768174171447754,-0.0008891503093764186,0.8945972919464111,173.9182891845703,0.7342870544090057,69.268798828125,623.5479736328125,61.417091369628906,113.40949249267578,40177.05859375,0.6386022514071295,7280.10302734375,69771.6015625,5527.353515625,11045.591796875,4429836.5,0.5783302063789869,1207215.75,8256431.0,944393.75,1963718.875,506329824.0,0.5349437148217636,0.850394070148468,0.13191664218902588,0.8986800909042358,0.9233064651489258,0.9287472367286682,0.6085834896810507,42.65,1.0,1.0,C_0011,0
0.018561655655503273,2.9111597537994385,0.007517458871006966,0.8592149019241333,179.2738800048828,0.7400947459086994,-0.011092585511505604,1.536524772644043,-5.684341886080802e-14,0.873261570930481,88.54464721679688,0.7362187769164513,60.99910354614258,323.4832458496094,56.302452087402344,105.79928588867188,19994.8203125,0.6386735572782084,6867.03955078125,44563.04296875,5519.771484375,10953.3515625,2660491.25,0.5740740740740741,1176382.875,6480145.0,929912.375,1937354.375,367772928.0,0.5387596899224806,0.9029920101165771,0.08020526170730591,0.927729606628418,0.9456017017364502,0.9515576362609863,0.6350129198966409,46.45,1.0,1.0,C_0011,0
-0.04621510207653046,3.4549663066864014,-0.0005543638253584504,0.7861137986183167,98.06851196289062,0.7555762081784386,-0.0503963977098465,3.46010684967041,-5.684341886080802e-14,0.7505009770393372,98.0726318359375,0.7946096654275093,55.02139663696289,485.9122619628906,7.9260735511779785,88.56773376464844,13869.2724609375,0.4433085501858736,8441.8583984375,68621.015625,1863.1524658203125,9511.8681640625,1855094.875,0.5,1415027.625,10373199.0,426741.59375,1622245.0,258242128.0,0.5223048327137546,0.0,0.0,0.0,0.0,0.0,0.0,10.77,0.0,0.0,C_0011,0
-0.0194864384829998,7.133275032043457,0.043446701020002365,1.4116641283035278,322.20123291015625,0.7298772169167803,-0.05339554697275162,3.615170955657959,-0.0001262638543266803,1.4264285564422607,158.86862182617188,0.7207821737153252,121.2750015258789,790.47802734375,92.86424255371094,160.83567810058594,35923.9296875,0.683037744429286,9689.94140625,97134.8359375,5825.783203125,11317.94140625,4302410.5,0.5802637562528422,1603284.875,12651494.0,1000402.5,2029465.375,538692480.0,0.5220554797635288,0.8208022117614746,0.1259436011314392,0.8733372688293457,0.9041787385940552,0.9268534779548645,0.6207366984993179,22.0,1.0,1.0,C_0012,0
0.06113127991557121,4.460558891296387,0.024580327793955803,1.7028791904449463,164.45584106445312,0.7236919459141682,-0.027127360925078392,2.420048952102661,0.009060731157660484,1.6823865175247192,81.65257263183594,0.7260435038212816,140.31515502929688,487.73828125,115.60710906982422,216.5372314453125,18361.064453125,0.6643151087595532,9229.189453125,67314.0234375,5636.03515625,11638.9482421875,2423249.75,0.5631981187536743,1565617.125,9825350.0,944254.4375,2007987.0,334379200.0,0.5173427395649618,0.880659282207489,0.17859117686748505,0.9404289722442627,0.9999967217445374,1.0,0.6525573192239859,17.02,1.0,1.0,C_0012,0
-0.04621510207653046,3.4549663066864014,-0.0005543638253584504,0.7861137986183167,98.06851196289062,0.7555762081784386,-0.0503963977098465,3.46010684967041,-5.684341886080802e-14,0.7505009770393372,98.0726318359375,0.7946096654275093,55.02139663696289,485.9122619628906,7.9260735511779785,88.56773376464844,13869.2724609375,0.4433085501858736,8441.8583984375,68621.015625,1863.1524658203125,9511.8681640625,1855094.875,0.5,1415027.625,10373199.0,426741.59375,1622245.0,258242128.0,0.5223048327137546,0.0,0.0,0.0,0.0,0.0,0.0,10.77,0.0,0.0,C_0012,0
-0.10165348649024963,11.911155700683594,0.03137494623661041,2.9994001388549805,362.4466552734375,0.7116374871266735,-0.14929334819316864,5.791896820068359,0.22792944312095642,2.9270293712615967,169.5010528564453,0.7342945417095778,263.57550048828125,1298.102783203125,210.9540252685547,373.82879638671875,40012.26953125,0.6694129763130793,14144.421875,148387.78125,6160.50390625,11859.8681640625,4483115.5,0.576725025746653,2212520.75,17940762.0,1081770.25,2031494.625,523599040.0,0.5272914521112255,0.5349750518798828,0.10757356882095337,0.5728162527084351,0.6184349060058594,0.6258508563041687,0.6673532440782698,9.72,1.0,1.0,C_0013,0
0.12225571274757385,4.18359899520874,0.16858330368995667,2.812591075897217,117.75493621826172,0.7192342752962625,-0.03228329122066498,2.54524564743042,0.07942400872707367,2.5131654739379883,59.92738342285156,0.7174111212397447,207.47198486328125,443.7601013183594,191.9527587890625,300.269287109375,13212.689453125,0.6690975387420237,10386.7275390625,61825.21484375,5971.4697265625,11253.5341796875,1727020.625,0.5742935278030994,1773416.0,9229169.0,1032064.5,1993253.875,239001392.0,0.5414767547857794,0.5522287487983704,0.06823177635669708,0.5802923440933228,0.5986597537994385,0.6311919689178467,0.6900638103919782,10.98,1.0,1.0,C_0013,0
-0.04621510207653046,3.4549663066864014,-0.0005543638253584504,0.7861137986183167,98.06851196289062,0.7555762081784386,-0.0503963977098465,3.46010684967041,-5.684341886080802e-14,0.7505009770393372,98.0726318359375,0.7946096654275093,55.02139663696289,485.9122619628906,7.9260735511779785,88.56773376464844,13869.2724609375,0.4433085501858736,8441.8583984375,68621.015625,1863.1524658203125,9511.8681640625,1855094.875,0.5,1415027.625,10373199.0,426741.59375,1622245.0,258242128.0,0.5223048327137546,0.0,0.0,0.0,0.0,0.0,0.0,10.77,0.0,0.0,C_0013,0
-0.049941565841436386,9.283549308776855,0.01872539520263672,2.3900256156921387,324.7776184082031,0.7327258921791951,-0.09414076805114746,4.879080772399902,0.009380046278238297,2.25244140625,165.06930541992188,0.738800303720577,194.94241333007812,1030.537841796875,153.09573364257812,284.5353088378906,36431.90625,0.6552771450265755,11764.3720703125,124920.6171875,5580.2470703125,11311.044921875,4306094.0,0.5618830675778284,1890921.5,16059436.0,961494.875,2008366.0,532531488.0,0.5064540622627183,0.47389018535614014,0.17096030712127686,0.5266932249069214,0.6298425793647766,0.6370893716812134,0.6340167046317388,13.18,0.9992412746585736,1.5,C_0014,0
0.13966383039951324,1.6847436428070068,0.06144026666879654,2.177048444747925,31.924896240234375,0.7135785007072136,0.007650454994291067,1.4539328813552856,0.05054293945431709,2.1280317306518555,29.3154296875,0.7277227722772277,150.46054077148438,164.56028747558594,143.43983459472656,257.70916748046875,4126.1943359375,0.6661951909476662,7858.62060546875,24806.595703125,6112.32666015625,11962.3935546875,567713.25,0.562942008486563,1391769.125,4289316.0,1077873.25,2154371.5,98033272.0,0.5247524752475248,0.5150303244590759,0.0972459465265274,0.5501985549926758,0.613308310508728,0.6248199939727783,0.690947666195191,14.15,1.0,1.0,C_0014,0
-0.04621510207653046,3.4549663066864014,-0.0005543638253584504,0.7861137986183167,98.06851196289062,0.7555762081784386,-0.0503963977098465,3.46010684967041,-5.684341886080802e-14,0.7505009770393372,98.0726318359375,0.7946096654275093,55.02139663696289,485.9122619628906,7.9260735511779785,88.56773376464844,13869.2724609375,0.4433085501858736,8441.8583984375,68621.015625,1863.1524658203125,9511.8681640625,1855094.875,0.5,1415027.625,10373199.0,426741.59375,1622245.0,258242128.0,0.5223048327137546,0.0,0.0,0.0,0.0,0.0,0.0,10.77,0.0,0.0,C_0014,0
0.10968421399593353,1.352744698524475,0.06507068872451782,1.4911662340164185,32.12355041503906,0.7259380097879282,0.0048133330419659615,1.1782318353652954,-0.017782071605324745,1.4728240966796875,29.74435806274414,0.7335508428493747,115.80589294433594,137.44459533691406,106.55569458007812,169.10617065429688,4066.326416015625,0.6916802610114192,7100.48828125,21369.71484375,5787.146484375,11111.515625,559383.5,0.5611745513866232,1258580.0,3690356.5,991580.375,1996204.875,96601616.0,0.5165851005981512,0.4724231958389282,0.04777739197015762,0.4794962704181671,0.5347680449485779,0.5396367907524109,0.6737357259380098,18.4,1.0,1.0,C_0015,0
-0.011776584200561047,7.318599700927734,0.09160446375608444,1.515132188796997,292.39117431640625,0.7458876914350538,-0.05952955409884453,3.9080333709716797,0.0023354971781373024,1.5491639375686646,150.953857421875,0.7470221213840046,144.76869201660156,816.9609375,108.70196533203125,189.07806396484375,32905.875,0.6965399886557005,10697.7099609375,103712.8671875,5922.97802734375,11639.65625,4053457.5,0.5581395348837209,1776565.875,13929661.0,1033717.25,2082604.0,522220512.0,0.5093590470788428,0.4920341372489929,0.06516017019748688,0.49506139755249023,0.5514389872550964,0.5774843096733093,0.6562677254679523,17.64,1.0,1.0,C_0015,0
-0.04621510207653046,3.4549663066864014,-0.0005543638253584504,0.7861137986183167,98.06851196289062,0.7555762081784386,-0.0503963977098465,3.46010684967041,-5.684341886080802e-14,0.7505009770393372,98.0726318359375,0.7946096654275093,55.02139663696289,485.9122619628906,7.9260735511779785,88.56773376464844,13869.2724609375,0.4433085501858736,8441.8583984375,68621.015625,1863.1524658203125,9511.8681640625,1855094.875,0.5,1415027.625,10373199.0,426741.59375,1622245.0,258242128.0,0.5223048327137546,0.0,0.0,0.0,0.0,0.0,0.0,10.77,0.0,0.0,C_0015,0
-0.052842263132333755,11.12997055053711,0.2687600255012512,3.376304864883423,315.5361022949219,0.7502837684449489,-0.12615449726581573,5.693078517913818,-0.007447878830134869,2.761117935180664,156.0038299560547,0.7434733257661748,239.77748107910156,1227.0157470703125,149.239990234375,362.50115966796875,35199.46484375,0.6833144154370034,15212.638671875,153299.796875,5758.1181640625,11108.896484375,4272600.0,0.5402951191827469,2417420.25,20262262.0,965575.375,1989814.25,541999808.0,0.5402951191827469,0.9039117693901062,0.14422167837619781,0.9512289762496948,0.9999967217445374,1.0,0.7003405221339387,8.82,1.0,1.0,P_02100001,1
0.24196648597717285,3.9033915996551514,0.28372901678085327,4.340654373168945,73.67617797851562,0.7559880239520959,-0.022114021703600883,2.4618399143218994,-0.017441216856241226,3.3884918689727783,34.08002471923828,0.7200598802395209,237.8356170654297,396.2269592285156,210.3345947265625,486.0215148925781,8117.65185546875,0.6616766467065869,11089.3095703125,57660.01171875,5684.171875,11977.2646484375,1134456.25,0.5748502994011976,1898429.0,9101674.0,897091.25,2028529.375,161018656.0,0.5329341317365269,0.9280386567115784,0.20349527895450592,0.9999902248382568,1.0,1.0,0.7724550898203593,6.69,1.0,1.0,P_02100001,1
0.0749756321310997,1.8658254146575928,0.005000123754143715,0.6933932304382324,36.71826171875,0.8548621190130624,-0.03051934204995632,1.6660475730895996,-0.0008532534120604396,0.6312394142150879,35.409305572509766,0.8577648766328012,34.36453628540039,247.90077209472656,3.2996304035186768,81.9836196899414,5101.02880859375,0.5370101596516691,5349.12890625,39628.140625,630.759765625,8184.3134765625,701720.5,0.44992743105950656,983657.9375,7104456.0,129076.7109375,1441371.125,121182344.0,0.4455732946298984,0.9292593002319336,0.1968957483768463,0.9999902248382568,1.0,1.0,0.7547169811320755,6.9,0.9797101449275363,3.5,P_02100001,1
0.057940367609262466,2.961900472640991,0.045218583196401596,1.2334084510803223,123.99331665039062,0.7516863406408094,-0.011196298524737358,1.6039597988128662,0.0015766677679494023,1.213485836982727,58.2548828125,0.7466273187183811,101.84005737304688,321.1212158203125,85.18612670898438,157.29922485351562,13699.625,0.684654300168634,7659.02392578125,45795.78515625,5595.78857421875,10522.439453125,1862337.0,0.6003372681281619,1316062.0,6910500.0,936292.25,1878305.25,263036880.0,0.572512647554806,0.6320503354072571,0.16312319040298462,0.6796380877494812,0.8108307719230652,0.8306417465209961,0.7053119730185498,23.73,1.0,1.0,P_02100002,1
-0.037910979241132736,7.469722747802734,0.011522920802235603,1.5060981512069702,375.3049621582031,0.7700716170373162,-0.051947034895420074,3.5232746601104736,0.0011576518882066011,1.2610316276550293,172.98654174804688,0.7723332076894082,101.01295471191406,819.7194213867188,76.24728393554688,187.3979034423828,41325.3125,0.6155295891443648,7854.15380859375,95977.734375,4615.50830078125,10398.7041015625,4754727.0,0.551828119110441,1274854.25,11881587.0,790231.375,1808204.75,568092928.0,0.5277044854881267,0.7087302803993225,0.11598566174507141,0.7527114152908325,0.7930589914321899,0.8135444521903992,0.6931775348661893,26.54,1.0,1.0,P_02100002,1
0.10847020894289017,2.0846197605133057,0.05083223432302475,1.9358021020889282,57.31439208984375,0.7638095238095238,0.0023164507001638412,1.555548906326294,0.00990719348192215,2.005971908569336,30.830638885498047,0.7371428571428571,141.6078338623047,218.44601440429688,131.36233520507812,231.41928100585938,6508.04736328125,0.6730158730158731,6910.58642578125,32329.640625,4734.19140625,10474.578125,904417.25,0.5447619047619048,1196427.0,5241208.5,807143.375,1808548.875,129183560.0,0.5384126984126985,0.5849286913871765,0.11270671337842941,0.6114218235015869,0.6588220596313477,0.6657542586326599,0.5257142857142857,15.76,1.0,1.0,P_05060003,1
0.06015794351696968,1.763196587562561,0.015041021630167961,1.1855366230010986,71.4931869506836,0.7432533733133433,-0.003688181983307004,1.1923859119415283,-0.002525322837755084,1.1937530040740967,36.85779571533203,0.757496251874063,82.63432312011719,196.25076293945312,74.97659301757812,143.19308471679688,8043.490234375,0.6547976011994003,6623.09765625,28717.197265625,5303.59326171875,10622.998046875,1113451.375,0.56071964017991,1153880.75,4554228.0,894163.3125,1863798.375,159057520.0,0.5461019490254873,0.6451808214187622,0.06143409386277199,0.6482089757919312,0.6947051882743835,0.7747638821601868,0.5760869565217391,26.69,1.0,1.0,P_05060003,1
-0.004146523308008909,1.5220264196395874,0.0,0.13968978822231293,34.83625793457031,0.8645621181262729,0.007485730107873678,1.6218680143356323,-5.684341886080802e-14,0.44835442304611206,35.97333908081055,0.8686354378818737,24.17986297607422,221.10240173339844,2.6505045890808105,59.93120574951172,5007.64013671875,0.5498981670061099,4047.554443359375,35056.2578125,570.4113159179688,6862.74169921875,694337.1875,0.4429735234215886,736779.125,6146534.0,121124.3828125,993430.5625,119509312.0,0.4439918533604888,0.7833302617073059,0.18430814146995544,0.8388417959213257,0.8436152338981628,0.8463982939720154,0.5437881873727087,9.83,0.9664292980671414,4.5,P_05060003,1
0.07056022435426712,1.3701670169830322,0.004487887024879456,0.7871866822242737,30.18014144897461,0.7496251874062968,0.10949403047561646,1.3446012735366821,0.0077612437307834625,0.7834113836288452,29.43960952758789,0.7226386806596702,47.36384201049805,186.4924774169922,17.296525955200195,87.69309997558594,4216.078125,0.5007496251874063,7193.9169921875,30972.37109375,4172.916015625,9992.1572265625,579758.0,0.5367316341829086,1273968.0,5703677.0,706872.625,1608922.5,100136584.0,0.5667166416791605,0.4168546795845032,0.0836992934346199,0.4371204674243927,0.48286575078964233,0.48498228192329407,0.553223388305847,6.68,1.0,1.0,P_05060004,1
0.0012613825965672731,4.038996696472168,0.00809190608561039,0.811459481716156,239.71749877929688,0.7297097884899164,-0.02762996032834053,2.2273597717285156,-0.0013029963010922074,0.8344900012016296,125.53367614746094,0.750368912936547,65.87435150146484,456.5243225097656,55.986751556396484,102.47721099853516,27059.78125,0.6827348745696016,7451.208984375,60832.59765625,5719.73681640625,10410.4658203125,3481897.25,0.5809149040826365,1268464.625,8590355.0,940740.9375,1836341.75,467806016.0,0.5617314313821938,0.6605943441390991,0.0771857425570488,0.6933144330978394,0.7332044839859009,0.7534494400024414,0.5973930152484014,40.67,1.0,1.0,P_05060004,1
0.012171822600066662,4.490899085998535,0.010396784171462059,1.1374707221984863,222.4997100830078,0.7459101983988862,-0.019673600792884827,2.5722103118896484,-0.0011178335407748818,1.1303188800811768,122.61569213867188,0.7410372432996868,83.96571350097656,510.6853332519531,67.26821899414062,132.3382568359375,25404.8671875,0.6801253045596937,8074.09033203125,68676.3671875,5699.9169921875,10693.9365234375,3305963.5,0.5680473372781065,1369594.5,9732334.0,941619.875,1900924.5,447710560.0,0.5520361990950227,0.6618345975875854,0.10772246867418289,0.6865793466567993,0.752778172492981,0.7694117426872253,0.5697876783849635,28.74,1.0,1.0,P_05060004,1
-0.05548138543963432,3.991882801055908,-8.526512829121202e-14,0.07160542160272598,111.01599884033203,0.8682092555331992,-0.06574185937643051,3.7453105449676514,-5.684341886080802e-14,0.1260787844657898,103.46644592285156,0.8682092555331992,41.95771026611328,545.8372802734375,2.3968770503997803,42.485713958740234,15175.5908203125,0.5804828973843058,6651.2470703125,76398.2265625,563.2609252929688,5447.94580078125,2015641.375,0.44466800804828976,1113752.875,11425399.0,119324.8046875,812396.3125,278818016.0,0.4517102615694165,0.5375476479530334,0.14489805698394775,0.5912603139877319,0.6181788444519043,0.6228668093681335,0.5110663983903421,9.95,0.9618090452261306,5.5,P_05060004,1
-0.02265099808573723,6.035869598388672,0.017196180298924446,1.132943868637085,357.7116394042969,0.7490566037735849,-0.03483998775482178,2.9896483421325684,-0.0032556585501879454,1.13612961769104,172.81454467773438,0.7582210242587601,79.18562316894531,668.9126586914062,63.70341110229492,134.7800750732422,39726.87890625,0.6350404312668464,7324.1875,79499.265625,5073.37939453125,10281.7109375,4625846.5,0.5789757412398921,1209627.25,10034659.0,850324.5,1816488.75,562453056.0,0.5681940700808625,0.6110216975212097,0.133799210190773,0.6591905951499939,0.7253333330154419,0.8312879800796509,0.6606469002695418,37.11,1.0,1.0,P_09100001,1
-0.03250947222113609,7.11268424987793,0.01877233013510704,1.2025315761566162,352.9883728027344,0.7559386973180077,-0.050077930092811584,3.502744436264038,0.006465135142207146,1.2064297199249268,169.8184814453125,0.7482758620689656,105.52679443359375,785.8082885742188,80.19402313232422,158.07623291015625,39171.3046875,0.678544061302682,8632.2080078125,93694.7265625,5606.85888671875,11065.8798828125,4573841.5,0.5586206896551724,1423894.125,11825018.0,917850.0625,1938871.75,555872000.0,0.5444444444444444,0.651105523109436,0.10353752225637436,0.6685148477554321,0.7506884336471558,0.8022905588150024,0.5900383141762452,26.11,1.0,1.0,P_09100001,1
-0.09308367222547531,4.5140156745910645,-0.0030305322725325823,0.7682312726974487,134.70401000976562,0.7622950819672131,-0.06442300975322723,4.447379112243652,0.0010294673265889287,0.7327935099601746,134.14793395996094,0.8151183970856102,59.40729522705078,630.9945068359375,5.7649993896484375,84.28231811523438,19010.744140625,0.48360655737704916,8778.7744140625,85674.046875,1231.1754150390625,9278.998046875,2465839.5,0.5100182149362478,1435680.625,12427234.0,270163.875,1533388.0,333814368.0,0.4854280510018215,0.0,0.0,0.0,0.0,0.0,0.0,10.99,0.0,0.0,P_09100001,1
-0.002483650343492627,4.102024078369141,0.004065528512001038,0.8556514978408813,300.714111328125,0.7417848206839033,-0.016466744244098663,1.9562629461288452,0.00022782952873967588,0.810463011264801,138.739013671875,0.7471226021684737,55.31814956665039,451.0857238769531,45.51172637939453,110.79721069335938,33117.59375,0.5918265221017515,6173.44775390625,57943.6953125,4752.796875,10082.9169921875,4140111.75,0.5721434528773979,1035845.5,7877685.5,769664.125,1747935.875,539660864.0,0.5574645537948291,0.729308009147644,0.06180546060204506,0.7393239736557007,0.7739070653915405,0.8140408396720886,0.7351125938281902,59.96,1.0,1.0,P_09100003,1
0.011255014687776566,2.792008638381958,0.0031918887980282307,0.8149746656417847,210.99612426757812,0.7518216263480035,-0.008997434750199318,1.361891508102417,-0.00021451649081427604,0.7889629602432251,96.3094711303711,0.7509472457009618,46.37393569946289,307.16796875,32.040138244628906,103.845703125,23193.72265625,0.5537744097930632,5421.07861328125,41942.28125,4073.431884765625,9711.541015625,3070014.0,0.565578548528126,908681.1875,6038410.0,688573.0625,1669879.5,420663104.0,0.559895074322355,0.7928058505058289,0.05841885879635811,0.8034854531288147,0.8242610692977905,0.8642295598983765,0.7509472457009618,68.63,1.0,1.0,P_09100003,1
-0.23663143813610077,8.564974784851074,-1.1368683772161603e-13,2.2084555625915527,280.60845947265625,0.8263422818791947,-0.017405306920409203,13.913702964782715,0.004794167820364237,3.101686716079712,465.35906982421875,0.8045302013422819,133.94288635253906,1628.5335693359375,4.346930027008057,442.3467102050781,54341.53125,0.5234899328859061,13368.125,196559.46875,808.9488525390625,13391.2763671875,6427729.5,0.5033557046979866,2039383.5,25225034.0,151907.5,1969383.75,788186624.0,0.47818791946308725,0.0,0.0,0.0,0.0,0.0,0.0,11.93,0.0,0.0,P_09100003,1
0.05404583737254143,0.8199291825294495,0.003802976105362177,1.1369149684906006,30.777070999145508,0.75790213064856,0.0021661443170160055,0.7769572138786316,0.0012122072512283921,1.2182812690734863,28.76806640625,0.7667993444158276,59.634117126464844,96.08584594726562,49.28540802001953,162.34841918945312,4212.87255859375,0.5825333645516273,4899.05078125,13399.2646484375,4279.376953125,9826.79296875,588146.75,0.5584172324982439,853425.25,2394497.5,721074.75,1729250.25,100942920.0,0.5560758604542262,0.6330356001853943,0.15484538674354553,0.6416682004928589,0.8499802947044373,0.8811386823654175,0.6492624678061344,42.72,1.0,1.0,P_09100005,1
0.0005289411055855453,0.5765430331230164,0.004244299605488777,0.7339200377464294,30.76668930053711,0.7904034896401309,-0.01451578363776207,0.5695052742958069,-0.0015242868103086948,0.7483961582183838,29.731082916259766,0.8052344601962923,26.84393310546875,76.47807312011719,5.571761131286621,87.6413803100586,4278.46533203125,0.5446019629225736,3206.40478515625,12013.0791015625,1006.16015625,8849.3408203125,588404.9375,0.5121046892039258,564223.1875,2216538.5,228646.375,1533113.5,101625144.0,0.5029443838604144,0.7566259503364563,0.2480078935623169,0.8186079263687134,0.973693311214447,0.9897719025611877,0.6161395856052344,45.86,1.0,1.0,P_09100005,1
-0.01379143912345171,2.9404568672180176,0.0026731188409030437,1.1514936685562134,150.22006225585938,0.7389366443807704,-0.004021734930574894,2.0825400352478027,0.003805403597652912,1.1820502281188965,104.43952941894531,0.7574021012416428,72.53055572509766,352.95037841796875,57.927005767822266,157.4635009765625,18295.814453125,0.5921680993314231,6348.6142578125,46760.046875,4597.0,10142.9853515625,2354456.0,0.5711556829035339,1067404.5,6593517.5,764292.5625,1800015.75,315891648.0,0.5495065265838904,0.8978732824325562,0.07388339191675186,0.9058618545532227,0.9833025932312012,1.0,0.6714422158548233,31.42,1.0,1.0,P_09100005,1
-0.23663143813610077,8.564974784851074,-1.1368683772161603e-13,2.2084555625915527,280.60845947265625,0.8263422818791947,-0.017405306920409203,13.913702964782715,0.004794167820364237,3.101686716079712,465.35906982421875,0.8045302013422819,133.94288635253906,1628.5335693359375,4.346930027008057,442.3467102050781,54341.53125,0.5234899328859061,13368.125,196559.46875,808.9488525390625,13391.2763671875,6427729.5,0.5033557046979866,2039383.5,25225034.0,151907.5,1969383.75,788186624.0,0.47818791946308725,0.0,0.0,0.0,0.0,0.0,0.0,11.93,0.0,0.0,P_09100005,1
-0.009670441970229149,5.04705286026001,0.012666081078350544,0.8439856767654419,309.9434814453125,0.7430589381393083,-0.02558569423854351,2.6106045246124268,-1.0604004273773171e-05,0.8253023624420166,156.45201110839844,0.7503653190452996,70.66545104980469,563.8208618164062,59.0227165222168,110.39337158203125,34719.1875,0.6906965416463712,7607.39892578125,70494.046875,5713.712890625,10842.3466796875,4229444.5,0.5845104724792985,1286987.875,9339452.0,953564.5625,1890743.0,538039104.0,0.5679493424257185,0.45769914984703064,0.12059611827135086,0.5173670649528503,0.5827266573905945,0.5881664752960205,0.699220652703361,41.07,1.0,1.0,P_11120003,1
0.014298588037490845,4.364011287689209,0.021370626986026764,1.1455174684524536,230.8662872314453,0.7525206232813932,-0.02223646081984043,2.188779592514038,-0.003092604922130704,1.1474438905715942,109.54076385498047,0.7409104796822487,86.94776916503906,480.4170837402344,72.1982650756836,132.33575439453125,25553.5546875,0.6788878704552398,8008.31396484375,64443.69140625,5895.7470703125,10958.11328125,3315190.25,0.5902841429880843,1360207.0,9116437.0,972741.5,1880715.25,448157760.0,0.5578979529483654,0.46727055311203003,0.08298660814762115,0.4923264980316162,0.5610402226448059,0.5736743807792664,0.7696303085853956,32.74,1.0,1.0,P_11120003,1
-0.020341534167528152,1.2882895469665527,-0.0018181904451921582,0.7126628160476685,34.571136474609375,0.8095238095238095,-0.013041113503277302,1.4078749418258667,-4.515080581768416e-05,0.6697211265563965,36.87055587768555,0.8336507936507936,29.126209259033203,188.61474609375,4.509311676025391,79.95499420166016,5054.306640625,0.4768253968253968,4273.669921875,29414.572265625,819.5325317382812,8132.2216796875,701680.9375,0.5015873015873016,748967.125,5084601.0,159655.90625,1383525.625,120710320.0,0.4907936507936508,0.0,0.0,0.0,0.0,0.0,0.0,15.76,0.0,0.0,P_11120003,1
0.09965362399816513,1.091406226158142,0.021621420979499817,1.3650296926498413,30.445384979248047,0.7595850248082995,0.015138734132051468,1.0336205959320068,-0.0001487429253757,1.372281789779663,28.73486328125,0.7613892647722147,101.5172348022461,111.3159408569336,101.38087463378906,185.47891235351562,4186.4228515625,0.6856111862877763,6517.55859375,17499.94921875,5823.25830078125,10891.962890625,575546.5625,0.5999097880018043,1159848.875,3198454.0,958414.1875,1928777.75,99418880.0,0.5656292286874154,0.6037662625312805,0.140675351023674,0.6250491142272949,0.7338718175888062,0.7561025023460388,0.7176364456472711,22.18,1.0,1.0,P_11120004,1
0.10834578424692154,1.9702154397964478,0.01163338590413332,2.1038944721221924,57.70689392089844,0.75,0.0011143580777570605,1.4775665998458862,-0.010411523282527924,1.8404896259307861,30.93766212463379,0.7347058823529412,122.28468322753906,214.0406036376953,116.92613983154297,237.26791381835938,6547.6904296875,0.6170588235294118,6733.3564453125,30859.73828125,4729.2734375,10464.912109375,909193.8125,0.571764705882353,1151713.625,4974942.5,783803.375,1754353.875,129357848.0,0.5511764705882353,0.6748996376991272,0.13373428583145142,0.6581199169158936,0.8476572632789612,0.8645238280296326,0.7064705882352941,17.01,1.0,1.0,P_11120004,1
-0.018768727779388428,1.2479382753372192,-0.0005082163843326271,0.7494856119155884,38.80649185180664,0.7867756315007429,0.00043274156632833183,1.1380681991577148,-0.0020191771909594536,0.7192814946174622,35.673851013183594,0.7956909361069836,30.82605743408203,166.0685577392578,5.272116661071777,84.47040557861328,5271.21142578125,0.4710252600297177,4444.16796875,27074.767578125,1072.206298828125,8574.658203125,724701.3125,0.47622585438335807,788864.875,4962917.5,225939.625,1440805.0,125181528.0,0.4903417533432392,0.0,0.0,0.0,0.0,0.0,0.0,13.47,0.0,0.0,P_11120004,1
0.030971020460128784,6.152644634246826,0.05751635134220123,1.9076570272445679,228.0740203857422,0.7276648182378311,-0.04757968708872795,3.1522774696350098,0.0069799162447452545,1.8008614778518677,109.57171630859375,0.7387553912507702,157.5154266357422,673.1567993164062,122.82719421386719,219.12216186523438,25302.91015625,0.6802218114602587,10112.41796875,90804.140625,5713.78515625,11181.6005859375,3293116.75,0.5804066543438078,1680096.5,12841754.0,899392.625,1918495.0,445038944.0,0.5459026494146642,0.5925015211105347,0.12336147576570511,0.6470544338226318,0.7077622413635254,0.7139708995819092,0.6327788046826864,16.24,0.999384236453202,1.5,P_11120005,1
-0.07542719691991806,9.62609577178955,0.010189281776547432,2.718938112258911,363.97552490234375,0.7367360644728005,-0.09953455626964569,5.044473648071289,0.010695133358240128,2.3524508476257324,184.3999481201172,0.7635997313633311,189.4718475341797,1070.2059326171875,148.3638916015625,316.5862121582031,40802.1484375,0.6662189388851578,10287.5,120132.3046875,5428.37451171875,10872.3740234375,4513905.5,0.5641370047011417,1624984.625,14207400.0,886027.0,1908764.75,516317888.0,0.5453324378777703,0.535150945186615,0.1750279814004898,0.5894819498062134,0.7199649810791016,0.7378948330879211,0.4976494291470786,14.9,1.0,1.0,P_11120005,1
-0.2302752435207367,8.01942253112793,-0.014694783836603165,2.211122512817383,162.04708862304688,0.7316561844863732,-0.1920766979455948,7.955726623535156,0.009834203869104385,2.1375603675842285,161.43399047851562,0.7148846960167715,202.83790588378906,1111.6668701171875,109.84213256835938,255.42861938476562,22873.607421875,0.6708595387840671,20426.875,145883.203125,6332.111328125,15160.6416015625,2877222.75,0.5786163522012578,3301387.75,20389932.0,1016978.9375,2445993.75,378920512.0,0.5660377358490566,0.0018229999113827944,0.0066411374136805534,0.0,0.018371421843767166,0.03397337719798088,0.04612159329140461,4.78,0.0899581589958159,3.5,P_11120005,1
-0.1460307538509369,6.195169925689697,-0.0005582970916293561,0.7202433943748474,201.4197540283203,0.8058510638297872,-0.14728866517543793,5.941212177276611,-0.0009514944977127016,0.7370679974555969,192.7732391357422,0.8093971631205674,61.967872619628906,856.37109375,5.250636100769043,86.08233642578125,27880.359375,0.48138297872340424,8441.814453125,101224.9609375,1126.0947265625,8910.3447265625,3196086.0,0.5053191489361702,1325373.0,12887718.0,231201.96875,1489982.0,381713504.0,0.4804964539007092,0.00017615067190490663,0.0022488448303192854,0.0,0.0,0.03563102334737778,0.0070921985815602835,11.29,0.010628875110717449,4.5,P_11120005,1
0.032096076756715775,7.672386646270752,0.18403396010398865,2.5200467109680176,203.76480102539062,0.7473684210526316,-0.058116450905799866,4.2186808586120605,-0.014114359393715858,2.3206522464752197,107.10749816894531,0.7707602339181286,215.08230590820312,848.7705688476562,174.50418090820312,288.42706298828125,23020.015625,0.6830409356725147,13356.439453125,116125.5234375,5127.298828125,11313.46484375,3028676.5,0.5403508771929825,2197975.75,16619466.0,803286.25,2001181.5,413663264.0,0.512280701754386,0.7208462357521057,0.24432118237018585,0.8176902532577515,0.8899081945419312,0.9172399640083313,0.4502923976608187,8.56,1.0,1.0,P_12060001,1
-0.10814038664102554,13.663734436035156,0.06623979657888412,2.8863487243652344,353.40509033203125,0.7394366197183099,-0.18592633306980133,6.667370796203613,-0.07303117215633392,2.3335180282592773,167.57908630371094,0.7422535211267606,271.63104248046875,1496.0594482421875,206.1149444580078,321.94036865234375,39112.390625,0.647887323943662,17063.916015625,179346.28125,5529.73681640625,10559.9228515625,4578356.5,0.5633802816901409,2633829.0,22628358.0,881534.3125,1908373.625,557057920.0,0.543661971830986,0.8127491474151611,0.13604745268821716,0.8515507578849792,0.9426511526107788,0.9891015291213989,0.5028169014084507,7.11,1.0,1.0,P_12060001,1
0.017133256420493126,1.1587754487991333,-2.842170943040401e-14,0.30932438373565674,36.426597595214844,0.848297213622291,0.11119022965431213,1.290168285369873,0.0002849738812074065,0.6987683176994324,35.36479949951172,0.8436532507739938,25.44146156311035,171.9076690673828,3.1381940841674805,74.88180541992188,5076.9736328125,0.5340557275541795,3285.999267578125,27097.70703125,576.922119140625,7732.0419921875,695496.75,0.4411764705882353,602326.0,4977763.5,124098.984375,1189699.5,120319136.0,0.4411764705882353,0.9147671461105347,0.21447771787643433,0.9852754473686218,0.9997771382331848,1.0,0.5681114551083591,12.93,0.9760247486465584,4.5,P_12060001,1
0.08816824108362198,1.0647903680801392,0.007068302016705275,1.7483841180801392,30.02141571044922,0.737577002053388,0.01801815815269947,1.0087968111038208,-0.0032219525892287493,1.640744686126709,26.713970184326172,0.717864476386037,98.33491516113281,109.20494079589844,85.2171401977539,220.68795776367188,4018.608642578125,0.6225872689938399,5983.0888671875,15349.5986328125,5433.79443359375,10754.6640625,555155.5625,0.5950718685831622,1037133.5625,2837992.75,878140.4375,1804112.5,95701312.0,0.557700205338809,0.5659840106964111,0.10399121791124344,0.6035119295120239,0.6548130512237549,0.69508296251297,0.46529774127310064,24.36,1.0,1.0,P_12060002,1
0.1108226627111435,1.483841061592102,0.00982874259352684,2.245875597000122,31.377521514892578,0.7310385064177363,0.013005413115024567,1.2653247117996216,-0.0011714734137058258,1.776976227760315,30.012414932250977,0.7158693115519253,112.09156036376953,159.9634246826172,90.10099792480469,263.0293884277344,4172.71826171875,0.6126021003500584,6708.25341796875,22792.35546875,5499.6396484375,10805.6513671875,576416.9375,0.5892648774795799,1140093.5,3927001.0,865165.125,1848970.75,99368568.0,0.5425904317386231,0.5727394223213196,0.10455940663814545,0.6089088916778564,0.6686959266662598,0.6824912428855896,0.42532088681446906,17.15,1.0,1.0,P_12060002,1
-0.06861168146133423,3.9073028564453125,-2.842170943040401e-14,0.15272241830825806,126.32179260253906,0.8586017282010998,-0.0768149197101593,3.8305797576904297,-2.842170943040401e-14,0.2859930992126465,122.97623443603516,0.8586017282010998,38.29249954223633,545.933349609375,2.932793617248535,60.373165130615234,17629.619140625,0.5326001571091908,5843.86767578125,74327.3671875,550.3748168945312,6730.38720703125,2286771.75,0.44147682639434405,969620.875,10829498.0,116811.78125,888369.4375,309590656.0,0.42026708562450904,0.6269229650497437,0.11402510851621628,0.6702688932418823,0.6889837384223938,0.6932992339134216,0.4838963079340141,12.74,0.9843014128728415,4.5,P_12060002,1
0.05656827613711357,2.887988567352295,0.012873088009655476,1.2062870264053345,126.17355346679688,0.7313374805598756,-0.008833065629005432,1.548720359802246,-0.0023050762247294188,1.1831084489822388,59.108184814453125,0.7398911353032659,94.51920318603516,313.82958984375,80.95679473876953,142.9334716796875,13933.2490234375,0.6609642301710731,7658.13671875,44810.31640625,5858.3525390625,10775.2919921875,1903645.0,0.5894245723172629,1318381.375,6754121.0,957701.625,1893147.75,269344320.0,0.567651632970451,0.448681503534317,0.09293012320995331,0.47381165623664856,0.5307450294494629,0.5435418486595154,0.6333592534992224,25.73,1.0,1.0,P_16100003,1
-0.0334484688937664,7.968101501464844,0.017772125080227852,1.2749885320663452,352.4330139160156,0.7480879541108987,-0.059881482273340225,3.6708569526672363,-0.0042935521341860294,1.2287603616714478,157.90472412109375,0.7710325047801148,125.82290649414062,868.2590942382812,100.84111022949219,168.81787109375,38619.02734375,0.7007648183556405,9634.5869140625,105597.875,5729.1416015625,10903.298828125,4588187.5,0.5669216061185468,1583953.625,13559952.0,926438.5625,1942647.875,567238016.0,0.5516252390057361,0.46493807435035706,0.09024389833211899,0.4844345450401306,0.5372741222381592,0.5610302686691284,0.7423518164435946,20.93,1.0,1.0,P_16100003,1
-0.08843566477298737,4.155587673187256,-0.00010818747250596061,0.7748231887817383,126.30909729003906,0.7430313588850174,-0.08278331905603409,4.4917802810668945,-0.000790606951341033,0.7453644275665283,137.49932861328125,0.7796167247386759,63.69682312011719,608.719482421875,9.826147079467773,85.72139739990234,18670.84765625,0.48606271777003485,9160.0595703125,82654.6171875,2381.839599609375,9059.8974609375,2421596.0,0.5209059233449478,1506843.125,12019511.0,504852.34375,1559261.125,327796928.0,0.5383275261324042,0.0,0.0,0.0,0.0,0.0,0.0,11.49,0.0,0.0,P_16100003,1
-0.00326222600415349,5.103682994842529,0.017007069662213326,1.1453948020935059,292.8085021972656,0.7517711171662126,-0.02831202931702137,2.6526403427124023,-0.0007643208373337984,1.1043353080749512,147.2488250732422,0.7599455040871934,82.07931518554688,569.3082885742188,65.19432830810547,132.43792724609375,32774.84375,0.6784741144414169,7556.97314453125,73080.109375,5347.1474609375,10655.7421875,4084562.75,0.5722070844686649,1273543.75,9944697.0,888496.375,1875269.5,532179488.0,0.5504087193460491,0.5668880343437195,0.10632535815238953,0.5961784720420837,0.6722724437713623,0.692489743232727,0.7359673024523161,36.71,1.0,1.0,P_16100004,1
-0.011451336555182934,4.736934661865234,0.005981435067951679,1.0221987962722778,315.9664306640625,0.7530889621087314,-0.02264547161757946,2.467956304550171,-5.684341886080802e-14,0.8469098806381226,160.59323120117188,0.7539126853377265,62.32703399658203,530.4859619140625,50.61683654785156,119.77335357666016,35443.61328125,0.624176276771005,6582.69970703125,66350.765625,4892.81103515625,10144.19140625,4320895.0,0.5675453047775947,1105175.75,8804939.0,804946.5,1757875.625,549705472.0,0.5516886326194399,0.6800973415374756,0.11115239560604095,0.6872903108596802,0.7910773158073425,0.814501166343689,0.7238467874794069,48.57,1.0,1.0,P_16100004,1
-0.129670187830925,6.29056453704834,1.1368683772161603e-13,0.7876043319702148,236.9667205810547,0.7797179314976495,-0.1281343698501587,6.245333671569824,-0.001696964493021369,0.7997381687164307,235.17225646972656,0.7676292813969107,64.10890197753906,884.2942504882812,9.807378768920898,91.14667510986328,33385.5078125,0.4768300873069174,8206.9453125,100236.96875,2269.19677734375,8987.1103515625,3689340.5,0.5224983210208194,1286688.0,12207428.0,487511.75,1527379.5,422475264.0,0.5010073875083949,0.0,0.0,0.0,0.0,0.0,0.0,14.9,0.0,0.0,P_16100004,1
-0.013885844498872757,6.032634258270264,0.010305753909051418,1.1813477277755737,311.8016357421875,0.7298692360633173,-0.03982764482498169,2.7776293754577637,-0.0022214821074157953,1.1517363786697388,138.92373657226562,0.7491397109428768,94.84790802001953,657.3436279296875,74.07426452636719,136.7301483154297,34135.03515625,0.6899518238128011,8516.7880859375,81639.2890625,5955.041015625,10931.5419921875,4123545.0,0.5891259463179629,1415699.375,10791625.0,982614.625,1879834.375,522369760.0,0.5567790777701308,0.9199422001838684,0.0900212973356247,0.9496425986289978,0.9818539619445801,1.0,0.748107364074329,29.07,1.0,1.0,P_23100002,1
0.00029374280711635947,5.745534896850586,0.006937445141375065,1.8988664150238037,242.96116638183594,0.7406508013598835,-0.045454829931259155,3.0319724082946777,-0.010847428813576698,1.7523046731948853,121.4808578491211,0.7503642544924721,143.49813842773438,633.6160888671875,117.50535583496094,229.72215270996094,27163.896484375,0.6847984458474988,9203.0,82559.234375,5873.27392578125,10784.59375,3413356.25,0.5769791160757649,1541660.625,11452334.0,943718.4375,1899021.375,451674880.0,0.5614375910636231,0.9147154688835144,0.10312435030937195,0.9442968368530273,0.9937397241592407,1.0,0.6702282661486159,20.6,1.0,1.0,P_23100002,1
-0.023382265120744705,1.7597100734710693,0.0,0.7207677364349365,39.01372528076172,0.8130590339892666,0.005222492851316929,1.9381983280181885,0.0,0.7275431752204895,46.02165222167969,0.8094812164579607,37.746337890625,259.0615539550781,4.37164306640625,81.96070861816406,6033.29345703125,0.49463327370304117,5543.9033203125,38932.87109375,805.4597778320312,8654.38671875,829547.5625,0.4731663685152057,957366.75,6477529.5,157852.953125,1494422.25,118190832.0,0.4525939177101968,0.4441591203212738,0.13246102631092072,0.5065417885780334,0.5352554321289062,0.5493605136871338,0.6082289803220036,11.19,0.9821268990169795,5.5,P_23100002,1
0.06321948766708374,2.0766732692718506,0.03636813908815384,1.1834931373596191,86.63361358642578,0.7521268368136118,-0.005234864540398121,1.3025039434432983,-0.006420447491109371,1.1896167993545532,43.62386703491211,0.7397525135344161,90.92939758300781,227.73440551757812,79.93034362792969,143.02394104003906,9699.703125,0.679814385150812,7273.203125,33063.61328125,5931.68017578125,10931.6455078125,1335335.0,0.580046403712297,1267552.875,5122396.0,984110.6875,1923581.375,189717152.0,0.5506573859242073,0.3238399028778076,0.06142017990350723,0.3388303220272064,0.4017561376094818,0.4063436985015869,0.6527455529775715,25.87,1.0,1.0,P_23100003,1
0.05824891850352287,0.8036257028579712,0.007315298542380333,1.125495433807373,28.44472885131836,0.7480774330416335,0.004504138138145208,0.717307984828949,-0.0012194858863949776,1.040468454360962,28.863584518432617,0.7433041633518961,58.2540397644043,90.7967300415039,55.81227111816406,128.4997100830078,4052.41796875,0.6306019623442057,5553.88427734375,13527.111328125,5220.4013671875,10533.2509765625,557245.9375,0.5666931848316097,966252.875,2417998.5,833703.0625,1829684.875,96248776.0,0.5595332802970034,0.34574684500694275,0.047972217202186584,0.3519105315208435,0.4116133749485016,0.4208328127861023,0.6292760540970564,37.72,1.0,1.0,P_23100003,1
-0.0352654866874218,2.5182301998138428,-0.0007381375762633979,0.7226446866989136,78.02831268310547,0.8120141342756184,-0.027756430208683014,2.3837368488311768,-0.00036749913124367595,0.7629255056381226,74.089111328125,0.7837455830388692,42.258914947509766,344.1964416503906,5.674973487854004,85.82847595214844,10759.9326171875,0.4636042402826855,6165.97607421875,49745.1640625,1217.044189453125,8809.900390625,1456618.0,0.4784452296819788,1048013.125,7744871.0,267837.375,1467681.125,204889312.0,0.4777385159010601,0.0,0.0,0.0,0.0,0.0,0.0,14.16,0.0,0.0,P_23100003,1
0.32676970958709717,5.446946144104004,0.5044985413551331,7.75522518157959,95.24617767333984,0.7050898203592815,-0.03635139763355255,3.0281126499176025,-0.05024910345673561,4.926407337188721,32.346683502197266,0.7440119760479041,391.5699768066406,485.94329833984375,302.76300048828125,800.165283203125,10058.8984375,0.6197604790419161,12683.87109375,69430.8984375,5986.513671875,11629.3505859375,1391240.0,0.6167664670658682,2160084.75,10898470.0,967792.25,1988582.625,198706944.0,0.562874251497006,0.6806318759918213,0.11306844651699066,0.7077765464782715,0.7843914031982422,0.8255615234375,0.49251497005988026,6.69,1.0,1.0,P_26060001,1
-0.14816485345363617,20.7667236328125,-0.005245096515864134,10.624536514282227,438.1018981933594,0.6953907815631263,-0.2473636418581009,7.62720251083374,-0.4607933759689331,6.014955043792725,148.13409423828125,0.687374749498998,627.5159912109375,2121.64208984375,441.22418212890625,1097.691650390625,46246.8359375,0.657314629258517,27610.7109375,262860.9375,6273.14453125,14841.642578125,5565757.0,0.5971943887775552,4206465.5,34237080.0,946031.0,2292978.5,698368576.0,0.5250501002004008,0.7134626507759094,0.11315418779850006,0.7305357456207275,0.8299086093902588,0.8567546010017395,0.45090180360721444,5.0,1.0,1.0,P_26060001,1
0.051034148782491684,3.124680519104004,0.020853091031312943,1.309141993522644,154.1982879638672,0.7314444102248229,-0.0058896965347230434,1.4173249006271362,0.00017002758977469057,1.129841923713684,61.06058120727539,0.7388358484755159,87.9748764038086,331.6793212890625,72.57725524902344,158.74276733398438,16584.783203125,0.6609177702494611,7368.9033203125,46897.7734375,5699.6474609375,10602.1474609375,2242294.25,0.59562673236834,1258556.625,7053583.0,917609.5,1813064.5,315961184.0,0.5654450261780105,0.8787925839424133,0.08252370357513428,0.9076600670814514,0.9684064984321594,0.9869158267974854,0.5195565137049585,32.48,1.0,1.0,P_26060002,1
0.10466326028108597,1.1993491649627686,0.02171492576599121,1.7171941995620728,40.1559944152832,0.7410284868664447,0.006681476254016161,0.9073108434677124,-0.0029008234851062298,1.2089296579360962,29.86092758178711,0.755826859045505,93.15576171875,118.52640533447266,84.9875717163086,185.91302490234375,5004.17724609375,0.6755456899741028,6050.37890625,17997.830078125,5381.04638671875,10670.8544921875,686185.3125,0.5786163522012578,1074352.125,3307677.0,907176.0625,1875339.625,118657816.0,0.5571587125416204,0.9348044991493225,0.09586910158395767,0.95482337474823,1.0,1.0,0.6133925268220496,27.04,1.0,1.0,P_26060002,1
-0.21332061290740967,9.582682609558105,0.0,0.3776509165763855,298.2394714355469,0.8667315175097277,-0.1663462221622467,6.381925582885742,-8.526512829121202e-14,0.46901679039001465,197.9493865966797,0.8686770428015564,65.43656921386719,1149.790283203125,2.845411539077759,69.15084075927734,35795.35546875,0.5680933852140078,9127.1630859375,135681.671875,672.54296875,7068.552734375,4103321.25,0.45233463035019456,1406403.25,17207026.0,141946.171875,1116099.875,490041216.0,0.4455252918287938,0.8162718415260315,0.2149820327758789,0.8867720365524292,0.8954346179962158,0.9037313461303711,0.5175097276264592,10.29,0.9494655004859086,3.5,P_26060002,1
0.11895829439163208,1.6784131526947021,0.03381945192813873,1.7618623971939087,43.72113800048828,0.7457091237579042,0.0035655726678669453,1.0797655582427979,-0.008660241030156612,1.3467848300933838,29.170303344726562,0.7511291779584462,116.58135986328125,162.41940307617188,115.98114013671875,193.4964141845703,4993.1240234375,0.6725383920505872,6467.091796875,24801.74609375,5248.51611328125,10728.8583984375,693850.875,0.5754290876242095,1136613.375,4253813.5,854727.9375,1889832.625,119315576.0,0.546973803071364,0.569491446018219,0.16127309203147888,0.6163483262062073,0.6683341860771179,0.6947399973869324,0.551490514905149,22.15,1.0,1.0,P_26060003,1
0.18227680027484894,3.3676328659057617,0.036397308111190796,1.879991054534912,116.52554321289062,0.7471402769416015,0.01667976565659046,1.5052908658981323,0.007869049906730652,1.2164503335952759,43.54103469848633,0.7507525586995786,128.15670776367188,346.38043212890625,112.35099792480469,205.22642517089844,12439.462890625,0.6815171583383504,8201.3037109375,49817.7578125,5622.509765625,10790.693359375,1719948.875,0.5791691751956652,1410328.125,7483446.5,939696.75,1876314.125,244882272.0,0.5322095123419627,0.37156808376312256,0.09251143038272858,0.4145013689994812,0.449338436126709,0.5177972912788391,0.5767609873570139,16.62,1.0,1.0,P_26060003,1
-0.17660534381866455,7.411716938018799,0.0,0.3278789818286896,255.87939453125,0.8583724569640062,-0.12522292137145996,6.2541656494140625,0.0,0.04415588080883026,216.9788055419922,0.8677621283255086,51.493648529052734,968.6581420898438,2.8498518466949463,46.829551696777344,33549.078125,0.5563380281690141,7150.01416015625,114510.40625,669.6527709960938,5889.8994140625,3845909.5,0.4428794992175274,1110378.125,14582776.0,141606.859375,793638.25,459320224.0,0.43896713615023475,0.4641733765602112,0.09508828073740005,0.490752249956131,0.4951164126396179,0.49725720286369324,0.6032863849765259,12.79,0.9726348709929633,3.5,P_26060003,1
0.16396021842956543,1.5280718803405762,0.40727224946022034,2.201610565185547,39.67247772216797,0.6994475138121546,0.007405521813780069,1.17929208278656,-0.009175175800919533,1.82073974609375,29.025768280029297,0.7160220994475138,137.91766357421875,136.03468322753906,126.81614685058594,237.4906005859375,4915.68994140625,0.6602209944751382,7042.78515625,21500.10546875,6020.279296875,11590.20703125,673448.9375,0.6033149171270719,1230697.75,3987786.75,955436.6875,1985067.875,116501664.0,0.5447513812154696,0.4048498570919037,0.07057038694620132,0.4343428611755371,0.4612325131893158,0.4974128007888794,0.4403314917127072,18.11,1.0,1.0,P_26060006,1
-0.0962631031870842,12.05395221710205,-0.02874687872827053,2.2815964221954346,491.032958984375,0.7345390898483081,-0.08702435344457626,4.561025619506836,-0.018114538863301277,1.9573312997817993,180.21414184570312,0.7298716452742123,175.4775848388672,1276.864501953125,124.26920318603516,270.5670471191406,52305.87890625,0.6581096849474912,11078.146484375,143242.25,5755.0146484375,10832.4970703125,5779789.0,0.6161026837806302,1729416.25,16918406.0,921680.6875,1861505.25,661473792.0,0.5717619603267211,0.4537948668003082,0.06408438086509705,0.4569665491580963,0.5553505420684814,0.6367083787918091,0.5,17.15,0.9994169096209913,1.5,P_26060006,1
-0.15081417560577393,7.1279754638671875,0.0,0.6885331869125366,238.8766326904297,0.8335987261146497,-0.1173354983329773,4.664151191711426,-2.842170943040401e-14,0.602216362953186,154.93504333496094,0.839968152866242,58.53274917602539,850.0367431640625,3.9907548427581787,77.00257110595703,28472.251953125,0.4729299363057325,8227.5625,107395.921875,814.7533569335938,8048.54443359375,3463905.5,0.4601910828025478,1314216.625,14611898.0,161098.78125,1258273.25,440736736.0,0.4410828025477707,0.6126587390899658,0.11922865360975266,0.645329475402832,0.6765266060829163,0.6813277006149292,0.482484076433121,12.57,0.9817024661893397,5.5,P_26060006,1
-0.010163183324038982,7.515934467315674,0.024954335764050484,1.6697026491165161,376.2770080566406,0.7531305903398927,-0.03471170365810394,2.898994207382202,-0.0025006646756082773,1.2005548477172852,140.14041137695312,0.7588550983899821,111.8858642578125,797.7650146484375,79.72988891601562,181.3065948486328,40152.67578125,0.6833631484794276,8896.5703125,102344.03125,5378.1416015625,10648.3251953125,5004363.0,0.5731663685152057,1475565.125,13898682.0,856836.625,1873530.625,652240064.0,0.5631484794275492,0.39964982867240906,0.11334850639104843,0.4429178833961487,0.510244607925415,0.534218430519104,0.6014311270125223,27.96,1.0,1.0,P_26060007,1
0.05249603092670441,3.705901861190796,0.019795024767518044,1.6450183391571045,174.61126708984375,0.7470588235294118,-0.007281435187906027,1.6470947265625,-0.0014719524187967181,1.2463728189468384,69.17740631103516,0.7602076124567474,94.94146728515625,394.3102111816406,73.15968322753906,195.12039184570312,18781.537109375,0.6498269896193771,7438.7109375,55315.9140625,5240.1201171875,10495.6171875,2538146.5,0.5653979238754325,1275883.25,8230224.0,857223.5,1846935.875,356592576.0,0.5550173010380622,0.6016853451728821,0.09909526258707047,0.6301394104957581,0.6861351728439331,0.6976490020751953,0.5615916955017302,28.91,1.0,1.0,P_26060007,1
0.00821632333099842,1.9443248510360718,5.684341886080802e-14,0.6412581205368042,49.48753356933594,0.8517241379310345,-0.004853975959122181,1.422237515449524,-8.526512829121202e-14,0.4408280849456787,34.550636291503906,0.8627586206896551,26.37859344482422,239.45079040527344,3.8050007820129395,75.10958862304688,6018.50732421875,0.5351724137931034,4014.378662109375,37000.95703125,689.0609130859375,6885.81640625,827934.1875,0.45655172413793105,717949.1875,6287927.5,149627.359375,1166635.75,134668448.0,0.44482758620689655,0.9075095057487488,0.23399871587753296,0.999987006187439,1.0,1.0,0.7372413793103448,14.51,0.9696760854583046,4.5,P_26060007,1
-0.029617996886372566,6.541801452636719,0.011186212301254272,1.233908772468567,335.39404296875,0.7594254937163375,-0.04727810248732567,3.400885581970215,0.007255075499415398,1.1991747617721558,170.1774139404297,0.755834829443447,96.64227294921875,730.9605712890625,76.01536560058594,162.74923706054688,37609.7734375,0.6438061041292639,7818.2744140625,87071.15625,5007.7314453125,10396.462890625,4388096.5,0.570556552962298,1287371.0,10997810.0,818560.5,1816928.25,533546752.0,0.555475763016158,0.5826135873794556,0.12014380097389221,0.6148252487182617,0.700229287147522,0.7128779292106628,0.7278276481149013,27.86,1.0,1.0,P_27110001,1
-0.0038710846565663815,4.122134208679199,0.004730863030999899,0.8134024143218994,274.6752014160156,0.737108190091001,-0.020018069073557854,2.2681500911712646,0.001210235059261322,0.8206096291542053,146.55442810058594,0.7443882709807886,57.35990524291992,466.98919677734375,47.0255241394043,106.83292388916016,31132.7265625,0.6091001011122346,6552.4833984375,59993.84375,5116.4208984375,10037.548828125,3886530.5,0.5773508594539939,1102151.25,8174233.0,819664.9375,1765389.125,506859104.0,0.5731041456016178,0.6386775374412537,0.11635725200176239,0.6756694316864014,0.7447680234909058,0.7597257494926453,0.7731041456016178,49.46,1.0,1.0,P_27110001,1
-0.05783359706401825,4.375854969024658,5.684341886080802e-14,0.6544793248176575,153.76956176757812,0.8219645293315143,-0.07331977784633636,3.7918002605438232,-5.684341886080802e-14,0.6729052066802979,131.71615600585938,0.8287858117326057,43.797122955322266,577.4319458007812,3.883549213409424,76.71647644042969,20247.03125,0.4815825375170532,6467.52294921875,77544.109375,754.5927124023438,7758.4609375,2602601.25,0.456343792633015,1059724.25,11133382.0,148583.734375,1265396.25,349379648.0,0.4536152796725784,0.0,0.0,0.0,0.0,0.0,0.0,14.67,0.0,0.0,P_27110001,1
-0.011622907593846321,3.169217109680176,5.684341886080802e-14,0.7471497058868408,288.9566955566406,0.7705008865248227,-0.013606160879135132,1.9474180936813354,-0.0007106539560481906,0.7337995767593384,174.4773406982422,0.7744902482269503,35.11993408203125,370.3154602050781,11.399422645568848,84.78433990478516,33754.75,0.5160682624113475,4432.00634765625,45716.21875,2238.400634765625,8938.9326171875,4058534.75,0.5232712765957447,734538.375,6012401.0,493561.6875,1507580.25,509247072.0,0.5328014184397163,0.5841094851493835,0.1523284614086151,0.6318678855895996,0.7235727906227112,0.7365056276321411,0.6512632978723404,90.25,0.9998891966759003,1.5,P_27110003,1
0.022930582985281944,0.5170444250106812,0.001893125707283616,0.757084846496582,27.72072410583496,0.7579658424674993,0.001405098824761808,0.4966104030609131,-0.0024938792921602726,0.7592792510986328,29.618267059326172,0.7487891919449401,33.10003662109375,63.63359451293945,14.38992691040039,86.14817810058594,4056.698486328125,0.5388733112413969,4275.28515625,9593.560546875,3438.1337890625,9371.091796875,560848.0625,0.5476676013255162,729268.5,1711191.0,624504.4375,1612297.625,96651544.0,0.549834310476676,0.6216758489608765,0.13675832748413086,0.6496502757072449,0.7447209358215332,0.7593220472335815,0.6693856742289065,78.47,1.0,1.0,P_27110003,1
-0.02724240906536579,5.683022499084473,0.007728416007012129,0.7700568437576294,176.42869567871094,0.771505376344086,-0.12852683663368225,4.644719123840332,-0.005372429266571999,0.7886232733726501,139.44151306152344,0.7786738351254481,71.59480285644531,730.5808715820312,9.422358512878418,97.34677124023438,22488.001953125,0.507168458781362,9964.556640625,97816.921875,2217.437255859375,9576.6171875,2886158.0,0.525089605734767,1634491.0,13980527.0,492148.9375,1639916.125,387356352.0,0.5161290322580645,0.0,0.0,0.0,0.0,0.0,0.0,11.17,0.0,0.0,P_27110003,1
-0.0025774987880140543,1.8931933641433716,0.003930306527763605,0.8393779397010803,54.74028396606445,0.7718707940780619,-0.002016007201746106,1.900472640991211,0.0002925181179307401,0.7828345894813538,54.97148132324219,0.7584118438761777,49.11802291870117,263.7182312011719,13.930891036987305,101.8087158203125,7757.810546875,0.5376850605652759,6633.80419921875,39299.73828125,2977.62109375,10295.8203125,1070069.875,0.5248990578734859,1145832.75,6362952.0,594460.0,1792606.25,152465984.0,0.5269179004037685,0.3260296583175659,0.2024170160293579,0.41235384345054626,0.5642950534820557,0.577573835849762,0.4629878869448183,14.87,0.7753866845998655,2.5,P_27110003,1
-0.021032070741057396,3.2541379928588867,2.842170943040401e-14,0.745732307434082,101.49302673339844,0.7882262996941896,0.026288406923413277,4.203122615814209,0.005250847432762384,1.022141456604004,134.1045684814453,0.7974006116207951,57.09231948852539,528.4962158203125,6.03508996963501,117.50789642333984,16818.10546875,0.48241590214067276,7831.22998046875,74527.4609375,1207.17529296875,9188.814453125,2263656.75,0.5175840978593272,1292806.5,11173189.0,273781.0,1611996.625,316832608.0,0.5015290519877675,0.24172234535217285,0.08073124289512634,0.24747753143310547,0.33556675910949707,0.3509538471698761,0.5596330275229358,13.09,0.9526355996944232,4.5,P_27110003,1
0.028791245073080063,4.467765808105469,0.03500765934586525,1.297674298286438,185.1763916015625,0.7402970771442262,-0.04339256137609482,1.8887523412704468,-0.024794429540634155,1.2515164613723755,66.03421020507812,0.7374221370388117,122.2979965209961,469.418212890625,112.10850524902344,175.3601837158203,19659.810546875,0.6650694777192142,8493.9326171875,64460.9140625,5740.06884765625,10862.224609375,2589337.75,0.5931959750838525,1434699.75,9339881.0,920098.5625,1879237.5,356298528.0,0.5548634403449928,0.7918809056282043,0.1203923299908638,0.8140066862106323,0.8978736400604248,0.9118718504905701,0.6396741734547197,20.88,1.0,1.0,P_30100001,1
0.026264959946274757,2.9795444011688232,0.012442337349057198,1.0834194421768188,154.79661560058594,0.7326171292151596,-0.02539578452706337,1.3314359188079834,-0.0008256073342636228,1.0122840404510498,58.74079132080078,0.7391823336317517,71.18812561035156,318.51165771484375,61.959693908691406,122.25901794433594,16556.712890625,0.6714413607878246,7062.4150390625,44294.67578125,5462.86328125,10575.3046875,2204882.5,0.5878842136675619,1204164.0,6539933.5,893549.9375,1844033.5,307098464.0,0.5556550283497463,0.8783010840415955,0.11724893748760223,0.9279576539993286,0.9574753046035767,0.9833618998527527,0.6574156968069234,33.52,0.9997016706443914,1.5,P_30100001,1
-0.06410051882266998,3.5951502323150635,-0.0022867426741868258,0.7901754379272461,116.73468780517578,0.7451127819548872,-0.07882632315158844,3.9265177249908447,-0.0019631756003946066,0.7558637857437134,127.15708923339844,0.7736842105263158,58.17894744873047,529.287109375,10.819070816040039,87.94500732421875,17261.4921875,0.4857142857142857,8495.880859375,72851.203125,2552.482666015625,10230.798828125,2257913.75,0.524812030075188,1410168.25,10744615.0,552719.9375,1675094.75,308044320.0,0.5338345864661654,0.0,0.0,0.0,0.0,0.0,0.0,13.31,0.0,0.0,P_30100001,1
0.07576081156730652,1.3546017408370972,0.025325128808617592,1.1989412307739258,45.66848373413086,0.7460505529225908,-0.0012764130951836705,1.0344195365905762,-0.0018594011198729277,1.1979049444198608,29.170303344726562,0.7436808846761453,90.09424591064453,144.87974548339844,81.29031372070312,153.2299041748047,5047.0703125,0.6864139020537124,6724.50537109375,21700.5703125,5833.72021484375,10899.0263671875,695883.0625,0.5932069510268563,1175677.125,3606486.0,954462.4375,1890898.0,98736608.0,0.5671406003159558,0.4702407717704773,0.10348031669855118,0.5015026926994324,0.5887084603309631,0.6074856519699097,0.6796998420221169,25.33,1.0,1.0,P_30100002,1
0.05723819136619568,1.6718617677688599,0.022724810987710953,1.1284645795822144,72.12928771972656,0.7431192660550459,-0.0030298051424324512,1.124466061592102,-0.0017582890577614307,1.1681859493255615,36.41981506347656,0.7410805300713558,79.73869323730469,185.12171936035156,73.64289093017578,131.93484497070312,8080.24560546875,0.6809378185524975,6956.84912109375,27142.73828125,5931.42236328125,11054.2412109375,1110142.875,0.5759429153924567,1222600.875,4298695.5,978391.875,1953920.75,158806000.0,0.5504587155963303,0.5562695860862732,0.07140489667654037,0.5692498683929443,0.6327530741691589,0.6398998498916626,0.7213727488956847,29.44,1.0,1.0,P_30100002,1
0.004509900696575642,2.845076084136963,0.0016465578228235245,6.607069969177246,34.09811782836914,0.5792966157929662,0.04466671496629715,7.804734706878662,-0.010867459699511528,17.199386596679688,34.91495132446289,0.5009953550099535,533.0300903320312,637.1675415039062,220.73025512695312,1792.6285400390625,4880.302734375,0.41274054412740546,21680.212890625,37138.72265625,9159.8310546875,79128.828125,665022.25,0.5627073656270737,2628920.0,5588118.0,1293661.25,9211589.0,115304352.0,0.5919044459190445,0.0,0.0,0.0,0.0,0.0,0.0,15.08,0.0,0.0,P_30100002,1
0.04740132391452789,1.8408477306365967,0.022451426833868027,1.1790484189987183,86.23490905761719,0.6990261716372489,-0.001743215718306601,1.1739511489868164,-0.004658246412873268,1.2276440858840942,44.445159912109375,0.7306755934266586,77.425048828125,204.1976318359375,72.19637298583984,150.9468231201172,9701.458984375,0.642726719415703,7012.29345703125,29386.697265625,5745.85302734375,11306.12109375,1333826.25,0.5891661594643944,1203453.125,4556164.5,954840.75,1987883.375,189662800.0,0.5374315276932441,0.690295398235321,0.16178745031356812,0.7341126799583435,0.9020816087722778,0.9079985618591309,0.46652465003043214,32.87,1.0,1.0,H_P000-0001,1
-0.029092883691191673,6.100045680999756,-0.0008710863185115159,1.5520178079605103,353.5315246582031,0.7267821641579096,-0.04108918458223343,3.1999752521514893,-0.008518881164491177,1.4790300130844116,179.90956115722656,0.7318943481965351,106.40090942382812,680.5939331054688,85.75421142578125,196.55543518066406,39667.6171875,0.6361829025844931,7766.01025390625,77672.859375,5615.8330078125,11157.083984375,4453890.0,0.5768247656915649,1282487.625,9427903.0,943280.5,1994459.125,521263680.0,0.5322351604657768,0.9100349545478821,0.14760668575763702,0.9373781681060791,1.0,1.0,0.6021016756603238,35.22,0.9997160704145373,1.5,H_P000-0001,1
0.05018819123506546,4.267834186553955,0.030417127534747124,2.1273891925811768,154.68870544433594,0.714200477326969,-0.025039467960596085,2.5324289798736572,0.01167373638600111,2.065983295440674,82.4761734008789,0.736873508353222,147.01133728027344,474.02020263671875,130.59022521972656,241.29783630371094,17530.234375,0.6485680190930787,9182.7294921875,65707.3515625,5577.12548828125,11719.4326171875,2334655.25,0.5751789976133651,1552488.375,9647978.0,943109.1875,2013222.25,324712448.0,0.5417661097852029,0.6453164219856262,0.1443287879228592,0.6714664101600647,0.7793026566505432,0.7901146411895752,0.5005966587112172,16.77,1.0,1.0,H_P000-0002,1
0.16238148510456085,1.7824357748031616,0.0013534475583583117,3.1674814224243164,28.33430290222168,0.7133497133497133,0.014274572022259235,1.627176284790039,0.012760494835674763,2.71052885055542,28.988649368286133,0.7133497133497133,174.1492156982422,167.8855743408203,150.41482543945312,371.73681640625,4053.60888671875,0.6601146601146601,7476.3193359375,23043.1484375,5917.83203125,11851.81640625,562025.3125,0.5913185913185913,1315179.625,4125353.0,1000897.5,2010370.75,96738488.0,0.5323505323505323,0.6911597847938538,0.09694133698940277,0.7112318277359009,0.7763004899024963,0.7854282259941101,0.49221949221949224,12.22,1.0,1.0,H_P000-0002,1
-0.06722743809223175,8.762834548950195,0.035943467170000076,1.9132851362228394,359.64404296875,0.7176674364896074,-0.08810644596815109,4.9985857009887695,0.00037744894507341087,1.6661707162857056,200.63340759277344,0.7165127020785219,150.84521484375,997.5468139648438,111.92253875732422,233.4440460205078,41182.2265625,0.6697459584295612,9837.9501953125,109366.1875,5684.13916015625,11460.748046875,4452998.5,0.5877598152424942,1558894.5,12607879.0,951106.375,1974640.75,496984224.0,0.5346420323325635,0.745601236820221,0.11612158268690109,0.7730255722999573,0.8719156384468079,0.8869240880012512,0.5144341801385681,17.33,1.0,1.0,H_P000-0003,1
0.08424478769302368,5.392148017883301,0.08139015734195709,3.289872169494629,152.6240997314453,0.659372026641294,-0.04379291459918022,3.444788694381714,-0.008566232398152351,3.5014560222625732,83.85527038574219,0.5775451950523312,232.47109985351562,596.2094116210938,180.93630981445312,449.0677185058594,17414.310546875,0.5347288296860133,12441.7109375,81975.546875,6480.3544921875,14574.216796875,2309797.25,0.6317792578496669,1970329.875,12040661.0,998736.5,2189631.75,320807072.0,0.5404376784015223,0.7797386050224304,0.2017589658498764,0.8418554067611694,0.927402675151825,0.9408688545227051,0.4005708848715509,10.52,1.0,1.0,H_P000-0003,1
0.12295608222484589,2.308215379714966,-0.020243555307388306,2.7385411262512207,60.171382904052734,0.7193103448275862,0.007337821181863546,1.6452337503433228,0.022000400349497795,2.1929259300231934,29.254243850708008,0.7275862068965517,159.18173217773438,234.86044311523438,145.34901428222656,304.379150390625,6690.59521484375,0.6855172413793104,7856.4658203125,33624.765625,5693.080078125,11429.798828125,924108.875,0.5627586206896552,1370440.875,5398596.0,964962.8125,2071346.25,130372904.0,0.5020689655172413,0.674434244632721,0.21923375129699707,0.7537420988082886,0.8292931914329529,0.8554732203483582,0.49310344827586206,14.51,1.0,1.0,H_P000-0004,1
0.10076269507408142,3.808785915374756,0.0469096377491951,2.8555524349212646,117.0853500366211,0.7446176688938382,-0.015264341607689857,2.2778334617614746,-0.13136860728263855,2.2405946254730225,59.04689025878906,0.7475872308834447,173.88772583007812,408.4368896484375,147.93785095214844,310.79400634765625,13113.1669921875,0.674090571640683,9523.2626953125,58055.16796875,5762.89599609375,11698.111328125,1784527.25,0.5716406829992576,1631721.625,8753475.0,996249.0,2071171.75,252324176.0,0.5092798812175204,0.7095096111297607,0.17593775689601898,0.7689237594604492,0.8266587853431702,0.8504829406738281,0.4892353377876763,13.48,0.9992581602373887,2.0,H_P000-0004,1
0.03028019703924656,2.37723708152771,0.007373233325779438,1.338051199913025,120.74880981445312,0.7286532951289398,-0.007522687781602144,1.4839688539505005,8.572902152081951e-05,0.9372614026069641,68.92102813720703,0.7504297994269341,77.52030944824219,269.3223571777344,71.222412109375,146.72653198242188,13903.375,0.6532951289398281,7089.765625,38093.26953125,5639.837890625,11087.45703125,1897542.5,0.5610315186246418,1229456.125,5709818.5,972584.4375,1950447.25,267424016.0,0.5169054441260745,0.7717987895011902,0.1201121136546135,0.7959691286087036,0.9238975644111633,0.9318308234214783,0.5429799426934098,34.91,1.0,1.0,H_P000-0007,1
0.029476933181285858,4.143894672393799,0.00906433816999197,1.5659184455871582,186.90139770507812,0.7314032971451548,-0.020287835970520973,2.389366865158081,0.00017504021525382996,1.436775803565979,101.51918029785156,0.7370325693606755,105.51753234863281,466.5707092285156,83.6317138671875,186.92825317382812,21269.291015625,0.650583031765179,8235.3564453125,63834.6171875,5439.83203125,11315.20703125,2813100.0,0.5645355850422196,1397167.75,9219769.0,912613.4375,2019196.125,387059392.0,0.5283474065138721,0.8366517424583435,0.14247091114521027,0.8816773891448975,0.9083214402198792,0.9176255464553833,0.538399678327302,24.88,1.0,1.0,H_P000-0007,1
-0.08891350775957108,11.281529426574707,0.22068022191524506,2.9395575523376465,338.5168151855469,0.7166841552990556,-0.1416904777288437,5.9633636474609375,0.10901854187250137,2.8908421993255615,172.5773162841797,0.720881427072403,263.5550537109375,1248.665283203125,213.31161499023438,346.1885986328125,37996.91796875,0.6736621196222455,14056.046875,146047.953125,5981.4716796875,12501.9033203125,4345562.0,0.5813221406086044,2207149.5,18021236.0,996187.0,2096753.875,516960128.0,0.5141657922350472,0.7743690013885498,0.12630797922611237,0.8141855001449585,0.8609629273414612,0.8830244541168213,0.5047219307450157,9.54,1.0,1.0,H_P000-0008,1
-0.0003919031878467649,10.854969024658203,0.18882210552692413,3.8462021350860596,258.45465087890625,0.6978527607361963,-0.12966662645339966,6.3111467361450195,-0.007425370626151562,4.294102191925049,141.0208740234375,0.7039877300613497,362.4360046386719,1202.25537109375,298.43115234375,473.53131103515625,29442.435546875,0.6288343558282209,18433.359375,156110.75,6372.1982421875,13718.126953125,3676447.25,0.6134969325153374,2943292.25,21381522.0,1058113.75,2294449.0,481894272.0,0.549079754601227,0.8026366233825684,0.12349285930395126,0.842432975769043,0.9045488238334656,0.9196963310241699,0.40337423312883436,6.53,1.0,1.0,H_P000-0008,1
-0.08981636166572571,20.111488342285156,0.6958622932434082,6.23930025100708,607.5451049804688,0.5495495495495496,-0.1091233640909195,5.596952438354492,0.09648650139570236,2.9278018474578857,162.34793090820312,0.7377377377377378,394.37530517578125,2050.035888671875,284.1128845214844,649.3126831054688,62886.23828125,0.5725725725725725,21091.4765625,253053.828125,6556.03662109375,14138.2978515625,7582776.5,0.6066066066066066,3175007.75,32901916.0,998864.4375,2065134.0,952232832.0,0.5485485485485485,0.6250818967819214,0.0863458439707756,0.629083514213562,0.7190117835998535,0.7417606115341187,0.4854854854854855,10.0,1.0,1.0,H_P000-0011,1
-0.20225371420383453,20.808900833129883,0.004817153327167034,6.04107141494751,689.1115112304688,0.6015901060070671,-0.132668137550354,5.819600582122803,-0.01226787082850933,2.699755907058716,187.18060302734375,0.7376325088339223,322.2706298828125,2136.70458984375,206.7265625,658.3580322265625,71408.0703125,0.5971731448763251,16884.046875,232802.84375,6292.16552734375,13846.8134765625,7695585.0,0.6095406360424028,2485764.5,26589606.0,990957.9375,2229746.0,855730880.0,0.5265017667844523,0.6895900964736938,0.10564486682415009,0.7088533639907837,0.7387309074401855,0.7574756741523743,0.5415194346289752,11.33,0.999117387466902,1.5,H_P000-0011,1
-0.03471808880567551,10.795639991760254,0.0036786221899092197,2.8775815963745117,562.4092407226562,0.6155652465615565,-0.035006918013095856,3.120279550552368,0.005504244472831488,1.4123473167419434,157.98756408691406,0.7182153639718215,153.37664794921875,1113.2474365234375,98.0904541015625,302.0335693359375,58417.82421875,0.5957732304595773,10971.673828125,138471.734375,6003.111328125,12774.1806640625,7087670.5,0.5997987252599799,1719471.5,18331370.0,943341.125,2057445.75,902580096.0,0.5481382086548138,0.9202268719673157,0.15925930440425873,0.9811058044433594,1.0,1.0,0.6346863468634686,29.82,1.0,1.0,H_P000-0012,1
0.1336202472448349,3.821641206741333,0.014612028375267982,3.774524688720703,133.90391540527344,0.6297309621523027,-0.0073256478644907475,1.4202890396118164,-0.005571575369685888,1.5639668703079224,38.41671371459961,0.7209302325581395,167.2547149658203,372.0572204589844,130.17507934570312,400.4247741699219,13930.5791015625,0.5891472868217055,9141.01171875,52551.70703125,6109.71484375,13340.5810546875,1906197.0,0.6010031919744642,1513131.0,8232512.5,982448.9375,2092256.375,271102208.0,0.550843593251254,0.9333240985870361,0.16555362939834595,0.9915827512741089,1.0,1.0,0.7017783857729138,21.94,1.0,1.0,H_P000-0012,1
0.4753713309764862,3.869901657104492,0.2716794013977051,6.452786445617676,54.166324615478516,0.6455834242093784,0.022026676684617996,2.0510799884796143,-0.003851001150906086,3.2571003437042236,29.320581436157227,0.737186477644493,334.45697021484375,286.764404296875,308.547607421875,668.3070678710938,6159.29150390625,0.623773173391494,9822.396484375,40843.29296875,6247.666015625,12889.0302734375,853372.0,0.5823336968375137,1743649.125,7443484.0,1039903.9375,2169851.5,146929856.0,0.5234460196292258,0.6618824005126953,0.11819332093000412,0.6864136457443237,0.7704881429672241,0.7861660122871399,0.5136314067611778,9.18,1.0,1.0,H_P000-0013,1
-0.21245522797107697,23.154457092285156,0.09000317007303238,8.60666275024414,670.9474487304688,0.6082589285714286,-0.15963758528232574,6.410248279571533,-0.12451425939798355,4.388895034790039,172.7480926513672,0.7243303571428571,538.2462158203125,2341.622802734375,382.8982238769531,924.7683715820312,69282.921875,0.6183035714285714,21130.796875,268253.03125,6158.9111328125,13786.53125,7805654.5,0.6049107142857143,3139230.0,32327884.0,1035348.5,2125824.25,912582144.0,0.5401785714285714,0.7509342432022095,0.1084931343793869,0.7867646813392639,0.855231523513794,0.8756892681121826,0.46986607142857145,8.97,1.0,1.0,H_P000-0013,1
-0.05575225129723549,16.958786010742188,0.10845491290092468,5.791236877441406,564.2923583984375,0.697092084006462,-0.0779651328921318,4.440459251403809,0.0034145209938287735,2.7840588092803955,140.71006774902344,0.7326332794830371,320.1206970214844,1723.5994873046875,218.76145935058594,600.7045288085938,58157.1328125,0.6583198707592892,17397.2421875,218720.46875,5569.375,11930.498046875,7187994.5,0.5710823909531503,2750370.25,29264304.0,936191.8125,2119032.0,925513984.0,0.5113085621970921,0.6552895307540894,0.17748382687568665,0.7284591794013977,0.7767837047576904,0.7809137105941772,0.49515347334410337,12.39,1.0,1.0,H_P000-0014,1
-0.2929149568080902,26.62233543395996,0.11827510595321655,8.213254928588867,671.0353393554688,0.5916542473919523,-0.21603333950042725,6.639017105102539,-0.005995464511215687,3.7322568893432617,157.89004516601562,0.7257824143070045,551.3015747070312,2688.055419921875,370.1719970703125,887.6610717773438,68936.03125,0.5573770491803278,26183.65234375,308326.65625,6459.0849609375,14303.46484375,7769847.5,0.5752608047690015,3831412.5,37135464.0,1051105.25,2179277.0,908046016.0,0.5067064083457526,0.7346850633621216,0.1417304426431656,0.7754929661750793,0.8304958939552307,0.8376100659370422,0.46050670640834573,6.72,1.0,1.0,H_P000-0014,1
-0.09570911526679993,15.228827476501465,0.02166575938463211,3.038557529449463,697.0645751953125,0.6871534195933456,-0.07086935639381409,4.161885738372803,0.006135984789580107,1.403150200843811,186.4881134033203,0.7629390018484289,185.49624633789062,1567.838623046875,124.18170166015625,312.874267578125,72157.9453125,0.6617375231053605,12047.7109375,176005.3125,6120.40087890625,11627.546875,7995901.0,0.5841035120147874,1887774.0,20725298.0,1028316.4375,2030469.75,915735168.0,0.5175600739371534,0.6448090076446533,0.1260477602481842,0.6445374488830566,0.8104255199432373,0.8442315459251404,0.46164510166358597,21.65,1.0,1.0,H_P000-0015,1
0.1215323805809021,6.655358791351318,0.00845277588814497,5.137820720672607,249.7827606201172,0.7335051546391752,-0.01704012043774128,1.9845818281173706,0.009571018628776073,2.0056588649749756,64.92975616455078,0.770618556701031,181.86911010742188,670.3714599609375,95.69570922851562,524.3190307617188,25808.390625,0.6489690721649485,9497.263671875,92186.0703125,4305.69775390625,11268.8232421875,3490878.0,0.5608247422680412,1598902.875,13664843.0,750884.375,1942654.875,490661024.0,0.5025773195876289,0.3244064748287201,0.16035450994968414,0.35491320490837097,0.5909510850906372,0.6305884122848511,0.32216494845360827,19.41,1.0,1.0,H_P000-0015,1
0.43721845746040344,6.191925525665283,1.352951169013977,9.29199504852295,107.77507781982422,0.5948387096774194,0.00912605319172144,2.5916895866394043,-0.03407023847103119,4.2904815673828125,29.592853546142578,0.6696774193548387,410.8005065917969,532.6568603515625,299.5019836425781,945.8723754882812,11176.4052734375,0.5729032258064516,13768.3505859375,74485.9375,6719.1171875,14205.7890625,1559640.375,0.6167741935483871,2281972.5,11841043.0,1063636.25,2308319.5,223286528.0,0.552258064516129,0.6882370114326477,0.11067558825016022,0.6958341598510742,0.7874104380607605,0.7919878959655762,0.4425806451612903,7.76,1.0,1.0,H_P000-0016,1
-0.3188704252243042,27.130390167236328,0.7272650003433228,9.7346830368042,681.6787719726562,0.552710843373494,-0.22759473323822021,7.795368194580078,0.0039791506715118885,5.767054557800293,185.72377014160156,0.6460843373493976,561.26513671875,2766.726318359375,346.1860656738281,1062.6572265625,70652.6171875,0.5451807228915663,26036.595703125,309769.15625,6839.62939453125,15755.62890625,7809525.0,0.6325301204819277,3705878.25,36439988.0,972779.0,2391189.75,893118720.0,0.5662650602409639,0.7099075317382812,0.17369017004966736,0.7561487555503845,0.8608375787734985,0.8853116035461426,0.4006024096385542,6.65,1.0,1.0,H_P000-0016,1
-0.030331237241625786,7.612254619598389,0.054219093173742294,1.4869418144226074,381.1880798339844,0.7298740938573064,-0.05651416257023811,3.1904895305633545,-0.017820559442043304,1.5054861307144165,153.35736083984375,0.7283479587943533,127.45927429199219,815.5069580078125,103.96763610839844,176.11807250976562,41088.0546875,0.673788630293781,8750.3447265625,94237.7265625,5689.560546875,11481.919921875,4672973.0,0.5700114460129722,1431896.75,11443049.0,1000548.75,2023991.25,549878528.0,0.514307516215185,0.9035598039627075,0.1970229595899582,0.9999648332595825,1.0,1.0,0.7134681419305609,26.22,1.0,1.0,H_P000-0019,1
-0.052031535655260086,6.891327381134033,0.016637148335576057,7.200643062591553,235.382080078125,0.5743138270326256,-0.07487305253744125,7.194982528686523,-0.05857399106025696,7.861114025115967,243.058349609375,0.597099948213361,550.7027587890625,830.2960205078125,597.9556274414062,862.7609252929688,33835.203125,0.6038322112894873,11454.498046875,101040.6484375,6794.0029296875,14005.6123046875,4110953.75,0.6380113930605904,1743867.5,13565601.0,1003960.1875,2106108.75,524449504.0,0.553081305023304,0.8956875801086426,0.2471322864294052,0.9794192314147949,1.0,1.0,0.4971517348524081,19.32,0.9446169772256728,2.0,H_P000-0019,1
0.15116164088249207,4.634697914123535,0.0017962034326046705,3.467127799987793,112.72257232666016,0.7052752293577982,-0.02374739572405815,3.0597586631774902,-0.04613699018955231,3.087017774581909,61.91066360473633,0.7259174311926605,248.00057983398438,497.147216796875,222.69798278808594,402.5849914550781,12860.5244140625,0.6353211009174312,11639.0283203125,71201.5859375,5795.166015625,12193.0771484375,1757075.625,0.5596330275229358,1978409.5,10767728.0,977251.5625,2177712.0,248560352.0,0.5045871559633027,0.4206029176712036,0.09642177075147629,0.4549309313297272,0.5108444690704346,0.5134269595146179,0.4208715596330275,8.73,1.0,1.0,H_P000-0020,1
-0.05116191878914833,11.117825508117676,-0.0037682554684579372,4.177454948425293,295.3501892089844,0.7259923175416133,-0.154107466340065,6.405171871185303,-0.009415795095264912,4.203745365142822,161.8647003173828,0.7311139564660691,277.421630859375,1252.84619140625,194.25863647460938,544.8038330078125,33679.65625,0.614596670934699,15914.2138671875,156538.46875,5045.80029296875,12766.087890625,4102484.0,0.5505761843790012,2519435.5,20746028.0,892559.8125,2104495.0,521835552.0,0.5044814340588989,0.3986284136772156,0.09749901294708252,0.42037642002105713,0.5054144263267517,0.5113525986671448,0.4494238156209987,7.82,1.0,1.0,H_P000-0020,1
-0.010197151452302933,1.6929214000701904,-0.011849370785057545,1.4792240858078003,49.37068176269531,0.7393705135284373,-0.06189152970910072,2.034945249557495,-0.005748676601797342,1.4547069072723389,53.46796798706055,0.748205411374931,92.84051513671875,247.97142028808594,77.23074340820312,170.455322265625,7277.56005859375,0.6720044174489233,7632.1474609375,37549.14453125,5315.767578125,11125.4404296875,998462.5625,0.5466593042517945,1333860.25,6284307.5,876808.75,1972827.75,147091120.0,0.5251242407509663,0.23138204216957092,0.20807921886444092,0.28360116481781006,0.4946345388889313,0.4977099299430847,0.2534511319712866,18.12,0.6015452538631346,8.0,H_P000-0020,1
0.08596539497375488,3.5303637981414795,0.009194934740662575,2.126646041870117,119.70785522460938,0.7294927989981215,-0.014171452261507511,2.032890796661377,0.026754464954137802,2.1781835556030273,56.54638671875,0.7457733249843457,146.99490356445312,380.0388488769531,142.84783935546875,258.158447265625,13239.1328125,0.6549780839073263,8330.49609375,53534.21484375,5230.51025390625,11229.5712890625,1788854.5,0.5497808390732624,1423278.0,8075296.5,898120.1875,1990078.5,252457312.0,0.5159674389480275,0.4529343843460083,0.19744329154491425,0.5267341136932373,0.6463081240653992,0.6931158304214478,0.4464621164683782,15.98,1.0,1.0,H_P000-0021,1
-0.08162883669137955,5.376513957977295,-0.009341701865196228,6.636088848114014,110.11180114746094,0.4764024933214604,-0.08712878078222275,6.031122207641602,0.0005266411462798715,6.949817657470703,140.8996124267578,0.5031166518254675,541.6669311523438,599.6272583007812,568.083251953125,793.5361938476562,17882.201171875,0.5752448797862867,13346.7890625,80052.3828125,7603.630859375,15674.12890625,2319632.75,0.6571682991985752,1950673.25,11682284.0,1012599.3125,2216876.5,315229312.0,0.5503116651825467,0.4733859598636627,0.20648588240146637,0.564177393913269,0.5986395478248596,0.6147117614746094,0.2831700801424755,11.24,0.8505338078291815,3.0,H_P000-0021,1
0.044984765350818634,0.6506356596946716,0.014642557129263878,0.8927945494651794,30.198219299316406,0.752802359882006,0.005003268830478191,0.6317790150642395,0.009309491142630577,0.8693107962608337,29.303512573242188,0.7535889872173058,52.024723052978516,74.42196655273438,53.57678985595703,109.15298461914062,4207.88330078125,0.6983284169124877,5326.79296875,11434.185546875,4938.89599609375,10742.123046875,578773.125,0.5610619469026549,946559.375,2112533.5,852909.5,1924175.5,99956144.0,0.5176007866273353,0.5478990077972412,0.22522680461406708,0.6634615659713745,0.7624742984771729,0.7796368598937988,0.48200589970501473,50.86,1.0,1.0,H_P000-0022,1
-0.07530415803194046,9.310081481933594,-0.01546067837625742,19.372512817382812,65.10234832763672,0.4374456993918332,-0.03032413311302662,8.4606351852417,-0.013251811265945435,14.868950843811035,182.08596801757812,0.499131190269331,935.7095947265625,840.9002075195312,1040.8541259765625,2248.593017578125,19337.427734375,0.5312771503040834,15353.4609375,58258.28125,9411.755859375,38380.56640625,2435144.75,0.6285838401390096,1661147.125,8125424.5,1093441.5,3034047.5,320322528.0,0.5642919200695048,0.5618969798088074,0.29497167468070984,0.7046193480491638,0.8200571537017822,0.8988085389137268,0.28062554300608167,23.03,0.8371689101172384,15.0,H_P000-0022,1
0.08501400798559189,7.1581573486328125,0.18210875988006592,3.1184048652648926,203.64781188964844,0.7025691699604744,-0.059625450521707535,3.752167224884033,0.0,3.5800089836120605,93.86924743652344,0.7361660079051383,263.1303405761719,764.2316284179688,228.15576171875,411.3254089355469,22424.064453125,0.650197628458498,12879.3642578125,105349.0859375,5871.890625,12123.46875,2979242.0,0.5830039525691699,2136988.25,15150208.0,979470.25,2059781.0,408956320.0,0.5197628458498024,0.7462649345397949,0.22057926654815674,0.7983569502830505,0.9448316693305969,0.9565175771713257,0.5069169960474308,10.13,1.0,1.0,H_P000-0023,1
0.40867021679878235,2.920588493347168,0.46478667855262756,5.045397758483887,29.011686325073242,0.6885245901639344,0.027599403634667397,2.810899019241333,0.003693661652505398,4.621129512786865,28.52985382080078,0.6688524590163935,342.36676025390625,220.84527587890625,334.17364501953125,571.2335815429688,4068.944091796875,0.6327868852459017,8616.986328125,30166.994140625,5722.30419921875,13034.421875,553696.375,0.5934426229508196,1533982.75,5606863.0,938817.8125,2098111.75,96057728.0,0.5704918032786885,0.7016525864601135,0.1551007330417633,0.7649784684181213,0.7900165915489197,0.8087589740753174,0.4901639344262295,6.11,1.0,1.0,H_P000-0023,1
0.05292966961860657,11.665895462036133,0.008073019795119762,12.548112869262695,260.48919677734375,0.43143459915611815,-0.03813272714614868,10.497567176818848,-0.5889661908149719,13.031957626342773,218.00076293945312,0.39767932489451474,972.9223022460938,1231.4158935546875,988.323486328125,1521.787841796875,33967.4765625,0.569620253164557,21913.845703125,158860.46875,9705.3876953125,26487.193359375,4406018.0,0.6624472573839663,2998473.25,22508422.0,1103002.625,2755922.75,596457728.0,0.569620253164557,0.6116431951522827,0.21377938985824585,0.6909697651863098,0.7151027917861938,0.720161497592926,0.40189873417721517,9.49,0.9104320337197049,5.0,H_P000-0023,1
-0.035512469708919525,8.764863014221191,0.3098266124725342,1.6051512956619263,331.6794738769531,0.7275661717236928,-0.07030265033245087,4.036348819732666,0.012085932306945324,1.6485211849212646,147.2515411376953,0.7327307940606843,170.92481994628906,949.7347412109375,140.79510498046875,210.23165893554688,36289.70703125,0.6868947708198838,11385.4111328125,117009.6640625,5989.099609375,11474.328125,4346971.5,0.5616526791478373,1861268.625,15284777.0,1027114.375,2063384.375,546184704.0,0.5345384118786314,0.3122013509273529,0.10176346451044083,0.33928024768829346,0.4232780337333679,0.42927902936935425,0.49386701097482244,15.5,0.9993548387096775,1.5,H_P000-0024,1
0.04502996802330017,8.047294616699219,0.030741935595870018,2.8923487663269043,232.6149139404297,0.7304609218436874,-0.07214681059122086,3.9272539615631104,-0.01060104463249445,2.817275285720825,103.96678161621094,0.7424849699398798,244.99815368652344,861.3192749023438,219.2962646484375,327.12847900390625,25479.166015625,0.655310621242485,12895.4423828125,115816.59375,5272.9443359375,11331.021484375,3296165.25,0.5490981963927856,2119551.5,16386617.0,901547.5,2033212.375,445836512.0,0.5170340681362725,0.32226991653442383,0.11194325238466263,0.36242350935935974,0.454522043466568,0.45670557022094727,0.46092184368737477,9.99,1.0,1.0,H_P000-0024,1
-0.08996984362602234,3.121326446533203,0.014106223359704018,3.0956897735595703,75.56659698486328,0.6873563218390805,-0.06776755303144455,3.448831558227539,0.00042484496952965856,3.3917059898376465,90.1717529296875,0.6919540229885057,281.0103759765625,370.85198974609375,286.744384765625,382.03106689453125,11764.88671875,0.6467432950191571,9467.8779296875,51890.48046875,5797.62255859375,12246.4521484375,1539083.5,0.6084291187739463,1598063.75,7812837.0,963514.75,2089376.5,210022336.0,0.5287356321839081,0.3955444395542145,0.13839302957057953,0.44866320490837097,0.5004292726516724,0.508357048034668,0.4590038314176245,13.06,0.9272588055130169,9.0,H_P000-0024,1
0.0057487390004098415,2.3183884620666504,0.0073159560561180115,0.7943664789199829,216.51686096191406,0.7671033478893741,-0.006913413759320974,1.1370190382003784,8.480134420096874e-05,0.7793567180633545,99.34184265136719,0.7727316836487143,36.78364181518555,255.5878143310547,15.683086395263672,92.41925811767578,23821.912109375,0.5742843279961184,4592.4267578125,34330.76171875,2786.177734375,9897.93359375,3086767.0,0.529839883551674,777608.0625,4921097.0,548105.75,1710353.5,421155584.0,0.5086851043182921,0.593588650226593,0.2501869201660156,0.6888803839683533,0.8447012901306152,0.8621874451637268,0.429209121785541,103.06,1.0,1.0,H_P000-0025,1
0.04502996802330017,8.047294616699219,0.030741935595870018,2.8923487663269043,232.6149139404297,0.7304609218436874,-0.07214681059122086,3.9272539615631104,-0.01060104463249445,2.817275285720825,103.96678161621094,0.7424849699398798,244.99815368652344,861.3192749023438,219.2962646484375,327.12847900390625,25479.166015625,0.655310621242485,12895.4423828125,115816.59375,5272.9443359375,11331.021484375,3296165.25,0.5490981963927856,2119551.5,16386617.0,901547.5,2033212.375,445836512.0,0.5170340681362725,0.32226991653442383,0.11194325238466263,0.36242350935935974,0.454522043466568,0.45670557022094727,0.46092184368737477,9.99,1.0,1.0,H_P000-0025,1
-0.024410242214798927,2.2789900302886963,-0.014297351241111755,1.9907711744308472,153.06922912597656,0.7218701832505566,-0.01926266774535179,3.8576838970184326,-0.0027868805918842554,1.6573172807693481,284.70452880859375,0.7506422332591197,89.79074096679688,438.9789123535156,63.917884826660156,276.8657531738281,32324.427734375,0.6372666552491865,6050.27001953125,48476.3671875,4316.904296875,11785.17578125,3571172.25,0.5589998287377975,986670.125,5795512.0,751317.9375,1964085.0,408701056.0,0.5292002055146429,0.34729626774787903,0.37216663360595703,2.219510315626394e-05,0.8539310693740845,0.9081413745880127,0.24627504709710568,58.4,0.5017123287671232,61.0,H_P000-0025,1
0.12872850894927979,4.3914794921875,0.06467629969120026,2.8943541049957275,131.5164794921875,0.7193396226415094,-0.02277829684317112,2.3449344635009766,-0.07543230056762695,2.344735860824585,57.97600555419922,0.7272012578616353,190.3344268798828,460.19757080078125,164.38131713867188,321.3966064453125,14372.8212890625,0.6588050314465409,10077.416015625,65303.95703125,5825.58349609375,11621.94921875,1961373.625,0.5691823899371069,1719776.25,9820431.0,986275.0625,2074516.0,277218304.0,0.5235849056603774,0.6025630235671997,0.12054919451475143,0.6460660099983215,0.7155665755271912,0.7210634350776672,0.5290880503144654,12.73,1.0,1.0,H_P000-0029,1
-0.02649051323533058,11.153814315795898,0.030678991228342056,4.130428314208984,300.0083923339844,0.7329268292682927,-0.12335660308599472,5.131441593170166,0.009589117020368576,4.2784528732299805,126.81361389160156,0.7402439024390244,291.89556884765625,1192.6226806640625,228.14486694335938,470.3023986816406,32570.958984375,0.6731707317073171,15665.587890625,152784.921875,5206.5009765625,11773.5361328125,4051748.0,0.5707317073170731,2501792.75,20740542.0,889358.1875,2171056.0,527113952.0,0.4975609756097561,0.5926195979118347,0.25460800528526306,0.7062802910804749,0.7614774703979492,0.7664642333984375,0.4304878048780488,8.21,1.0,1.0,H_P000-0029,1
0.06770724803209305,4.40841007232666,-0.05592702329158783,7.158591270446777,36.26274871826172,0.45383759733036705,0.13643740117549896,4.590904235839844,0.014354361221194267,7.496557712554932,32.67922592163086,0.4671857619577308,574.236572265625,274.93487548828125,610.829833984375,850.4642333984375,4881.5146484375,0.560622914349277,11244.224609375,33982.92578125,8113.23828125,16998.138671875,695041.125,0.6763070077864294,1646955.5,6170324.0,1055036.5,2181248.5,118306784.0,0.5650723025583982,0.6385164260864258,0.24791844189167023,0.7340593338012695,0.8120044469833374,0.8180105090141296,0.39599555061179087,9.0,0.8977777777777778,2.0,H_P000-0029,1
0.03276162967085838,9.150787353515625,0.05562831088900566,3.786285161972046,240.19358825683594,0.7242647058823529,-0.09219618886709213,4.831340312957764,0.004771426785737276,3.550257682800293,116.59236145019531,0.6924019607843137,300.58428955078125,990.2183837890625,239.5880889892578,415.9635009765625,26699.576171875,0.6495098039215687,15286.251953125,132479.390625,5731.39404296875,11950.779296875,3435926.25,0.6004901960784313,2475802.75,18576980.0,978954.75,2034661.0,461215936.0,0.5465686274509803,0.6264919638633728,0.11599279940128326,0.6544175744056702,0.725656270980835,0.7594845294952393,0.46691176470588236,8.17,1.0,1.0,H_P000-0030,1
0.4189702272415161,7.151958465576172,-0.0011629585642367601,12.54372787475586,31.083778381347656,0.44123711340206184,-0.03817347064614296,7.572822570800781,-0.025370383635163307,13.594051361083984,30.473493576049805,0.4041237113402062,927.2867431640625,476.3305969238281,1056.4017333984375,1461.9393310546875,4352.97021484375,0.4927835051546392,13881.1552734375,36154.08984375,10017.833984375,24942.521484375,599551.25,0.6536082474226804,1875539.625,6722498.0,1036003.75,2709425.0,103477248.0,0.5567010309278351,0.6253896951675415,0.05499355494976044,0.639540433883667,0.6868938207626343,0.6968897581100464,0.2948453608247423,4.86,1.0,1.0,H_P000-0030,1
-0.07419852912425995,6.1338725090026855,0.0,8.904574394226074,135.35629272460938,0.5942249240121581,-0.10174182057380676,5.6556477546691895,0.06554525345563889,8.70118236541748,117.08545684814453,0.5810536980749746,677.6629638671875,486.86639404296875,717.530517578125,1027.832763671875,17897.01953125,0.5987841945288754,10066.078125,55098.73046875,6656.3720703125,16262.1396484375,2147172.0,0.6393110435663627,1537104.625,7616837.5,991256.6875,2303024.5,269210720.0,0.5673758865248227,0.5155856609344482,0.2840965986251831,0.6725513339042664,0.7065730094909668,0.7237613797187805,0.33586626139817627,19.75,0.7782278481012658,5.0,H_P000-0030,1
0.10043904185295105,4.33127498626709,0.05021112039685249,2.23168683052063,131.45126342773438,0.7330645161290322,-0.01962350308895111,2.477719306945801,-0.07228579372167587,2.1917343139648438,64.30840301513672,0.728225806451613,184.708740234375,463.65692138671875,158.22744750976562,256.0161437988281,14633.8662109375,0.6548387096774193,9756.4658203125,66096.234375,5354.4794921875,11154.205078125,1983338.5,0.5693548387096774,1655383.625,9855994.0,913306.1875,1983130.25,278839616.0,0.532258064516129,0.5618657469749451,0.11955108493566513,0.6012358665466309,0.6562900543212891,0.6657001972198486,0.4717741935483871,12.41,1.0,1.0,H_P000-0031,1
0.04728192836046219,8.034736633300781,-0.06399397552013397,4.520392417907715,229.5690155029297,0.7145650048875856,-0.07647649943828583,4.317591190338135,0.016534890979528427,4.37089729309082,105.96919250488281,0.7243401759530792,317.67852783203125,855.0714111328125,293.0855712890625,547.7163696289062,25284.66015625,0.6705767350928641,13157.6474609375,114082.15625,5681.9765625,12781.0693359375,3285364.75,0.5747800586510264,2156419.5,16150483.0,974212.125,2126402.75,444672512.0,0.5298142717497556,0.5715943574905396,0.19893528521060944,0.6557070016860962,0.7125977873802185,0.7210050821304321,0.41544477028348,10.24,1.0,1.0,H_P000-0031,1
-0.04402719810605049,3.1573503017425537,-0.0045982347801327705,1.5127582550048828,134.67201232910156,0.7419906023067065,-0.03986463323235512,3.556928873062134,0.0023228167556226254,1.5980757474899292,153.12921142578125,0.7368645877829987,117.51058197021484,460.90411376953125,102.96452331542969,204.8543701171875,20392.42578125,0.6279367791542076,8153.70458984375,61730.65234375,5193.38330078125,11093.4091796875,2620659.5,0.5672789406236651,1379360.125,8855827.0,869894.875,1994664.375,351644256.0,0.5382315249893208,0.336997926235199,0.27342700958251953,0.48993974924087524,0.6155943274497986,0.6336124539375305,0.270824434002563,23.42,0.6447480785653288,18.0,H_P000-0031,1
-0.11685173958539963,11.66415786743164,0.590403139591217,3.287374973297119,340.435546875,0.6595982142857143,-0.15393830835819244,6.882275104522705,-0.03811188042163849,2.9140875339508057,195.38034057617188,0.6930803571428571,286.0689697265625,1323.903564453125,221.9440460205078,369.3316955566406,39251.73046875,0.6138392857142857,14402.3486328125,152167.46875,5790.34375,12539.494140625,4416187.0,0.6026785714285714,2199510.25,18422126.0,952629.0625,2073841.75,516583360.0,0.5558035714285714,0.7763289213180542,0.10804888606071472,0.7905284762382507,0.874870777130127,0.8802546262741089,0.43191964285714285,8.97,1.0,1.0,H_P000-0032,1
0.007605469319969416,6.859564304351807,0.09623140096664429,1.8982669115066528,253.05471801757812,0.7228992944194996,-0.04557168483734131,3.696490526199341,-0.006458018906414509,1.6700254678726196,130.06500244140625,0.7331622835150737,161.88694763183594,762.2274169921875,135.32818603515625,232.5752716064453,28452.345703125,0.6632456703014753,10815.544921875,100232.90625,5675.1484375,11629.509765625,3616236.75,0.5914047466324567,1781301.5,13899545.0,984148.75,2020097.125,480367072.0,0.5452212957023733,0.8132308721542358,0.10869797319173813,0.847917377948761,0.8669901490211487,0.8998658061027527,0.5432969852469531,15.6,1.0,1.0,H_P000-0032,1
-0.16440346837043762,11.172781944274902,-0.036150895059108734,6.3358378410339355,264.0601501464844,0.4948604992657856,-0.21691930294036865,7.930147647857666,0.03625373914837837,6.524973392486572,174.00465393066406,0.4801762114537445,547.6953125,1256.166259765625,513.18359375,794.8638305664062,31623.62890625,0.5433186490455213,21091.958984375,158714.0625,8563.919921875,20364.666015625,3846988.5,0.6490455212922174,3005660.75,21285478.0,1056005.25,2480044.25,489403776.0,0.5521292217327459,0.6191268563270569,0.29399675130844116,0.7680326104164124,0.8286910057067871,0.8497506976127625,0.21585903083700442,6.82,0.8709677419354839,7.0,H_P000-0032,1
0.17633821070194244,1.5269606113433838,0.16306504607200623,2.2309815883636475,27.841188430786133,0.7380410022779044,0.02181195840239525,1.5012402534484863,-0.04821031540632248,2.3384571075439453,29.177316665649414,0.7395596051632498,160.3404083251953,143.0383758544922,155.34548950195312,276.1579895019531,4032.924072265625,0.6697038724373576,7469.84130859375,22164.6875,5918.0615234375,11741.970703125,566270.5625,0.5785876993166287,1340323.5,4045338.75,1035502.3125,2086667.5,96956056.0,0.5436598329536826,0.573977530002594,0.12913483381271362,0.5881094932556152,0.7212419509887695,0.7286974191665649,0.5155656795747912,13.18,1.0,1.0,H_P000-0033,1
-0.04170629754662514,9.472368240356445,0.03672955930233002,2.809788227081299,293.0715026855469,0.7111742424242424,-0.09982160478830338,5.314571380615234,-0.09984410554170609,2.8935751914978027,156.76559448242188,0.7263257575757576,234.844482421875,1060.5045166015625,171.04690551757812,334.4086608886719,33236.48046875,0.6647727272727273,13788.8740234375,133580.671875,5968.07275390625,12174.4697265625,4067839.0,0.553030303030303,2226645.25,17732214.0,1043216.375,2089387.75,518787936.0,0.5170454545454546,0.5924849510192871,0.09440863877534866,0.6183720231056213,0.6672647595405579,0.6761745810508728,0.4933712121212121,10.57,1.0,1.0,H_P000-0033,1
0.02926928550004959,2.534839630126953,-0.02117488533258438,5.542275905609131,33.284767150878906,0.7058350100603622,0.08481563627719879,2.2762904167175293,0.02558104135096073,4.498331546783447,35.54755783081055,0.7154929577464789,239.50608825683594,242.45916748046875,163.095458984375,584.72412109375,4869.81005859375,0.6120724346076458,5882.42236328125,18520.966796875,4745.33984375,11950.2451171875,675382.875,0.5561368209255533,997937.0,3417975.0,781616.875,1965393.625,116233784.0,0.5183098591549296,0.33882880210876465,0.32820653915405273,0.37746745347976685,0.7398638129234314,0.7494636178016663,0.2993963782696177,24.86,0.5514883346741754,11.0,H_P000-0033,1
0.6448987722396851,5.476535320281982,0.24991706013679504,10.087287902832031,27.990699768066406,0.23978201634877383,0.05250938981771469,4.990545749664307,-0.5093477964401245,8.5533447265625,28.829994201660156,0.2888283378746594,663.2581176757812,336.5337829589844,639.9622802734375,1133.8792724609375,4018.26806640625,0.31607629427792916,21758.314453125,41454.5703125,15689.041015625,38228.40625,573057.375,0.5667574931880109,2400896.0,7615380.5,1299540.375,3092545.75,97487168.0,0.6321525885558583,0.7285098433494568,0.10300728678703308,0.7736356258392334,0.8258890509605408,0.8605127930641174,0.28065395095367845,3.68,1.0,1.0,H_P000-0034,1
-0.08762051165103912,16.563034057617188,0.6254104375839233,9.375823020935059,281.3597106933594,0.35798816568047337,-0.339015394449234,9.06298828125,-0.2525968849658966,8.558320999145508,139.22128295898438,0.3047337278106509,707.526611328125,1750.8143310546875,587.9522094726562,1026.829345703125,31392.015625,0.33136094674556216,34760.13671875,222724.171875,11407.78515625,32213.49609375,3843317.25,0.6390532544378699,4769652.5,29857560.0,1107573.75,4347864.5,493179840.0,0.6153846153846154,0.7038069367408752,0.114833764731884,0.7227681875228882,0.8185836672782898,0.8431495428085327,0.2455621301775148,3.39,1.0,1.0,H_P000-0034,1
0.02488584816455841,8.23655891418457,-0.2544548213481903,18.080415725708008,34.75654602050781,0.36910994764397903,0.22147442400455475,7.145105838775635,0.08181843906641006,15.156217575073242,35.175052642822266,0.41273996509598604,811.7523193359375,728.346923828125,652.190185546875,2058.12744140625,4944.99951171875,0.450261780104712,16987.96484375,31567.935546875,12278.9375,37400.07421875,682322.8125,0.6143106457242583,1696250.25,5413950.5,1143567.75,3007148.0,117669088.0,0.5933682373472949,0.43869832158088684,0.3780815899372101,0.6468239426612854,0.8654152154922485,0.9283015727996826,0.1300174520069808,11.47,0.5963382737576286,6.0,H_P000-0034,1
-0.08214283734560013,10.257394790649414,0.036999866366386414,4.867624282836914,373.0852966308594,0.4496177901320361,-0.10525022447109222,5.959599018096924,0.05285510793328285,6.4942426681518555,187.69029235839844,0.3481584433634468,354.06365966796875,1132.310302734375,263.61480712890625,814.5325317382812,41763.65234375,0.4308547602501737,18922.18359375,124659.234375,10049.478515625,42862.3671875,4590045.5,0.6004169562195969,2077924.625,14707506.0,1132997.5,3125733.5,524086528.0,0.6170952050034746,0.6757042407989502,0.1791238933801651,0.7338360548019409,0.8335064649581909,0.8663232922554016,0.2883947185545518,14.4,1.0,1.0,H_P000-0035,1
0.09234198182821274,3.041194438934326,-0.006281626410782337,5.649453639984131,49.99681854248047,0.38666666666666666,-0.050189729779958725,3.8867785930633545,0.035657476633787155,8.284139633178711,31.061626434326172,0.32521739130434785,362.302734375,335.2705078125,287.13897705078125,944.957275390625,5129.38818359375,0.3849275362318841,16225.751953125,31332.55078125,10871.9296875,40665.875,819226.875,0.5866666666666667,1576372.625,4891405.5,1121684.5,2804447.0,119810744.0,0.6318840579710145,0.684566080570221,0.11179384589195251,0.7105988264083862,0.788857638835907,0.8881305456161499,0.28695652173913044,17.26,1.0,1.0,H_P000-0035,1
-0.08047740161418915,6.999837398529053,-0.06196326017379761,7.047094345092773,251.96871948242188,0.405320813771518,-0.08745059370994568,5.734949111938477,-0.05059134215116501,9.025100708007812,146.4644012451172,0.3458528951486698,525.429443359375,736.84375,510.904052734375,1020.1654663085938,29144.4765625,0.43401147626499736,17618.732421875,84991.3515625,11313.525390625,35032.7578125,3448505.25,0.5800730307772561,1847008.0,11140331.0,1166090.25,2701177.75,426277664.0,0.6186750130412102,0.7165096998214722,0.3312784433364868,0.8678809404373169,0.9788874387741089,1.0,0.3077725612936881,19.18,0.848800834202294,10.0,H_P000-0035,1
-0.023865025490522385,8.463850021362305,0.015132071450352669,2.8760766983032227,295.3293762207031,0.7329420396184886,-0.08040950447320938,4.032156467437744,-0.01067768968641758,2.431029796600342,133.3304901123047,0.7285399853264857,202.7659454345703,915.3724365234375,157.9993896484375,309.5155334472656,32403.15625,0.6698459280997799,11643.4892578125,116052.328125,5697.333984375,11268.97265625,3989015.0,0.5568598679383713,1899164.375,15568853.0,983907.125,2005741.25,512968096.0,0.504035216434336,0.5180405974388123,0.1034192219376564,0.549788236618042,0.5961734652519226,0.602651059627533,0.49523110785033014,13.64,1.0,1.0,H_P000-0036,1
-0.011621405370533466,3.377592086791992,-0.03855317085981369,3.4328951835632324,59.33592224121094,0.7172593235039029,0.07254872471094131,3.507955312728882,0.0015104166232049465,2.862926721572876,78.5289306640625,0.7294015611448396,211.16326904296875,438.8654479980469,179.17718505859375,370.9798278808594,9842.5322265625,0.6764960971379012,9129.751953125,39288.41015625,5564.787109375,11654.4658203125,752394.6875,0.5602775368603643,1487696.0,6189967.0,948593.0625,2049078.25,129825320.0,0.5325238508239376,0.46174681186676025,0.13124948740005493,0.5104525089263916,0.5664947628974915,0.5735504031181335,0.4241110147441457,11.54,1.0,1.0,H_P000-0036,1
-0.06189523637294769,4.6713547706604,-0.005472056567668915,4.586297988891602,208.92166137695312,0.6846986089644513,-0.024779513478279114,4.722885608673096,0.0024559868033975363,4.72421932220459,217.34776306152344,0.6896445131375579,361.8233947753906,557.1358032226562,374.06573486328125,537.7830200195312,30147.6875,0.6398763523956723,8287.919921875,65601.1875,6072.564453125,12049.712890625,3513260.25,0.5910355486862442,1373416.625,8423360.0,1003722.5,2059839.375,427240384.0,0.5452859350850078,0.49633684754371643,0.2181120067834854,0.5861456394195557,0.6541842818260193,0.6770735383033752,0.504482225656878,32.36,0.8618665018541409,4.0,H_P000-0036,1
-0.15426279604434967,14.144562721252441,0.007381221279501915,5.111708164215088,334.86370849609375,0.7379767827529021,-0.2379634976387024,6.817122459411621,-0.0037652768660336733,5.267697811126709,148.31048583984375,0.6882255389718076,414.92572021484375,1514.614990234375,352.1238708496094,584.3281860351562,36623.72265625,0.6434494195688225,18674.8203125,178158.609375,6088.5771484375,14044.4462890625,4211636.5,0.6069651741293532,2861907.0,22121232.0,998223.5625,2163074.25,503835296.0,0.5140961857379768,0.3532959520816803,0.10641228407621384,0.36586272716522217,0.46289291977882385,0.47141215205192566,0.35323383084577115,6.04,0.9983443708609272,1.5,H_P000-0037,1
0.2454124093055725,3.0726473331451416,0.003945817239582539,5.796306133270264,28.88005256652832,0.6902748414376322,-0.018827833235263824,2.871201992034912,0.001295330235734582,5.379993915557861,28.853673934936523,0.7050739957716702,319.40631103515625,274.6544189453125,367.3779602050781,645.2239379882812,4082.391357421875,0.5792811839323467,7418.99609375,26572.1953125,5135.4560546875,12712.81640625,561371.9375,0.5961945031712473,1268252.5,4757774.5,832851.75,2120723.25,96961104.0,0.5369978858350951,0.4149530827999115,0.06782912462949753,0.40454933047294617,0.506140410900116,0.5242767930030823,0.46405919661733613,9.47,1.0,1.0,H_P000-0037,1
-0.06947121024131775,4.186183452606201,-0.007877691648900509,4.297165870666504,196.92576599121094,0.7421120412105602,-0.0475052185356617,3.9617035388946533,0.005305679049342871,4.1897053718566895,190.0281982421875,0.7292337411461687,173.34471130371094,549.7405395507812,79.33241271972656,517.3099975585938,27366.123046875,0.701545396007727,6991.31884765625,66512.4375,1598.934326171875,13000.6953125,3329401.25,0.5482936252414681,1116925.5,9115380.0,333598.40625,2047386.25,423620672.0,0.48132646490663233,0.1090160608291626,0.17008353769779205,0.0,0.4397278428077698,0.4803915023803711,0.08821635544108178,31.07,0.3208883167042163,17.0,H_P000-0037,1
0.008560992777347565,10.938981056213379,0.030047032982110977,4.299826622009277,274.200439453125,0.7276478679504814,-0.13065484166145325,5.588759422302246,-0.026935340836644173,3.6989147663116455,131.48333740234375,0.6973865199449794,336.1093444824219,1181.5909423828125,271.097412109375,490.04779052734375,30409.49609375,0.6437414030261348,16676.486328125,154192.921875,5243.74267578125,12025.7333984375,3830824.25,0.5777166437414031,2662953.75,21148276.0,868746.375,2072261.125,503940512.0,0.5144429160935351,0.42556649446487427,0.14779791235923767,0.46709972620010376,0.5826143026351929,0.5996657013893127,0.4167812929848693,7.28,1.0,1.0,H_P000-0039,1
-0.04611301049590111,9.05176067352295,-0.00039886124432086945,4.1931962966918945,286.21405029296875,0.731211317418214,-0.10026317089796066,4.9627366065979,-0.0008908997988328338,3.697261095046997,148.08432006835938,0.7170645446507515,249.32296752929688,1001.7938842773438,208.65139770507812,481.0673828125,32225.369140625,0.614500442086649,12270.3125,124863.0625,5238.8095703125,11435.3564453125,3928046.5,0.5667550839964633,1969732.75,16585282.0,860139.625,1987925.5,500225664.0,0.515473032714412,0.5604585409164429,0.12364356219768524,0.6048918962478638,0.6486889123916626,0.6551687121391296,0.46153846153846156,11.32,1.0,1.0,H_P000-0039,1
0.10015254467725754,6.919013500213623,0.23113150894641876,12.031494140625,19.08112907409668,0.4072978303747535,0.16638623178005219,7.212677478790283,0.20704056322574615,12.492975234985352,33.25834655761719,0.3678500986193294,894.247314453125,446.8260803222656,1054.44482421875,1355.461669921875,3834.327880859375,0.5857988165680473,13335.0341796875,29245.166015625,10568.6630859375,22700.23046875,562034.5625,0.6686390532544378,1582710.5,4965850.0,1084090.25,2346554.5,93793312.0,0.5838264299802761,0.5173484086990356,0.2237478643655777,0.6333391070365906,0.6929943561553955,0.7144831418991089,0.42110453648915186,10.15,0.896551724137931,13.0,H_P000-0039,1
0.007526975125074387,14.861871719360352,0.586484432220459,6.3762946128845215,274.8580627441406,0.5398009950248757,-0.23903293907642365,7.980110168457031,-0.11620098352432251,8.31627082824707,128.0899200439453,0.3656716417910448,620.60009765625,1568.7578125,487.9888916015625,889.4760131835938,30323.9140625,0.38308457711442784,30616.763671875,206585.796875,9724.9072265625,27763.61328125,3830434.25,0.5970149253731343,4279056.0,28414354.0,1060543.125,3285857.0,504908096.0,0.6268656716417911,0.7100209593772888,0.10235532373189926,0.7354897260665894,0.7988582253456116,0.8189663887023926,0.2064676616915423,4.03,0.9975186104218362,1.5,H_P000-0040,1
-0.035657305270433426,15.086797714233398,0.33037611842155457,7.197266578674316,278.9776611328125,0.5240506329113924,-0.24965602159500122,8.366487503051758,0.42227184772491455,8.757617950439453,133.0927734375,0.41265822784810124,609.82861328125,1613.9520263671875,460.698486328125,1056.60791015625,30909.90625,0.42025316455696204,29617.45703125,207226.796875,9185.75390625,22045.68359375,3835441.5,0.6481012658227848,4263538.5,28104028.0,1090880.875,2688624.25,498131104.0,0.6025316455696202,0.8316386342048645,0.13381637632846832,0.8705066442489624,0.9451671838760376,0.9604721665382385,0.22278481012658227,3.96,0.9974747474747475,1.5,H_P000-0040,1
-0.018688173964619637,8.560333251953125,-0.12027540802955627,10.703036308288574,225.70591735839844,0.4348153730218538,-0.04773397743701935,7.987302780151367,0.1382884383201599,12.1246919631958,192.5869140625,0.3850791258477769,696.4814453125,941.1181030273438,726.1546020507812,1374.70068359375,29670.3359375,0.4189902034664657,18841.943359375,112421.0546875,11348.71875,31279.984375,3744069.0,0.6149208741522231,2274354.5,15596174.0,1156302.375,3062825.0,501466880.0,0.6269781461944235,0.4937341511249542,0.3568623960018158,0.6939101219177246,0.8314771056175232,0.8793230652809143,0.1710625470987189,13.28,0.6844879518072289,13.0,H_P000-0040,1
0.2477891892194748,2.395742416381836,0.43851977586746216,3.559056520462036,57.61309814453125,0.6136363636363636,0.00551305478438735,1.2426973581314087,0.018479615449905396,1.7006142139434814,27.20520782470703,0.6947174447174447,188.7801055908203,194.461181640625,167.186767578125,363.90850830078125,6371.3359375,0.6142506142506142,8111.73291015625,28853.72265625,6454.24560546875,13018.2138671875,848729.625,0.6154791154791155,1364617.0,5299946.5,1037149.4375,2152257.75,148547824.0,0.5601965601965602,0.6840988397598267,0.08087486773729324,0.7038914561271667,0.7634104490280151,0.7681611776351929,0.4711302211302211,16.29,1.0,1.0,H_p000-0010,1
0.053723111748695374,18.61056137084961,-0.001978321233764291,9.952642440795898,464.1905212402344,0.611716621253406,-0.12056154012680054,5.511997699737549,-0.024246331304311752,4.348358154296875,128.50804138183594,0.6471389645776566,471.8007507324219,1882.798095703125,323.56475830078125,1010.9827270507812,48165.04296875,0.5340599455040872,24823.544921875,246089.25,6855.0849609375,15315.80078125,6124912.5,0.6403269754768393,3836686.75,34030492.0,1015864.625,2372614.5,814624640.0,0.5667574931880109,0.699647068977356,0.09438171982765198,0.7126619815826416,0.7825931906700134,0.7926088571548462,0.41825613079019075,7.35,1.0,1.0,H_p000-0010,1
-0.14777208864688873,4.078805923461914,-0.10196409374475479,8.477357864379883,86.41724395751953,0.5031989763275752,0.09887458384037018,4.397407054901123,0.009692322462797165,5.728158473968506,175.4529266357422,0.5425463851567498,374.3846435546875,468.9251403808594,296.61419677734375,938.104736328125,17842.134765625,0.4971209213051823,11898.6455078125,55302.125,8100.72021484375,23020.3359375,2386227.25,0.6257197696737045,1684707.375,8578200.0,1076725.625,2855483.0,332115680.0,0.564299424184261,0.5464274287223816,0.4734954833984375,0.8476991653442383,1.0,1.0,0.42226487523992323,31.27,0.6242404860889031,55.0,H_p000-0017,1
-0.006147578824311495,5.816812992095947,0.018926294520497322,1.3583942651748657,312.8157653808594,0.7261606022584692,-0.031337570399045944,2.877371072769165,0.004231924656778574,1.0530037879943848,150.23597717285156,0.723651191969887,94.71471405029297,642.016357421875,76.35458374023438,150.80520629882812,34702.2421875,0.6618569636135508,8610.830078125,81206.6015625,5893.466796875,11297.103515625,4268784.0,0.5765370138017566,1435095.75,10899665.0,988546.875,2011315.875,550122176.0,0.541405269761606,0.6514083743095398,0.06460969150066376,0.657130241394043,0.7191266417503357,0.7321836352348328,0.5875156838143036,31.89,1.0,1.0,H_p000-0018,1
0.02907383255660534,2.0511958599090576,0.08676621317863464,3.2156033515930176,33.52698516845703,0.7026315789473684,-0.003241441212594509,2.122697591781616,-0.09673932939767838,3.101581335067749,37.31171798706055,0.7015789473684211,220.0581512451172,196.76248168945312,243.4811553955078,372.2287902832031,4906.66015625,0.6894736842105263,6890.02490234375,25457.025390625,5186.994140625,12827.8447265625,674754.25,0.6042105263157894,1163022.0,4269740.5,853451.375,2062541.125,105023288.0,0.52,0.4922131896018982,0.3030034005641937,0.6632173657417297,0.7395942211151123,0.7632338404655457,0.3510526315789474,19.01,0.737506575486586,2.0,H_p000-0018,1
0.16991078853607178,4.34431791305542,0.4855383634567261,2.8968420028686523,109.19945526123047,0.6886792452830188,-0.01926700957119465,2.5549252033233643,0.08389066159725189,2.8993077278137207,48.21502685546875,0.7180293501048218,248.259033203125,438.9387512207031,226.64190673828125,330.681640625,11937.0048828125,0.6582809224318659,11019.08984375,63890.69140625,6057.71142578125,12319.267578125,1633667.375,0.5953878406708596,1868134.5,9707291.0,1016773.375,2210112.5,231273536.0,0.549266247379455,0.3721415102481842,0.09947599470615387,0.4167565703392029,0.4419034421443939,0.4604547321796417,0.35953878406708595,9.55,1.0,1.0,H_p000-0028,1
0.2234138548374176,7.857956409454346,0.21432974934577942,5.117392539978027,161.10145568847656,0.6569468267581475,-0.12249544262886047,3.8531241416931152,-0.047088541090488434,5.131369590759277,53.3404541015625,0.6706689536878216,417.8224182128906,769.4244384765625,388.42864990234375,604.170166015625,16970.232421875,0.6243567753001715,16782.9765625,108420.765625,6806.76953125,13822.484375,2265022.5,0.5969125214408233,2742050.75,16038810.0,1021963.75,2382779.0,317328160.0,0.5660377358490566,0.3647356331348419,0.08525966852903366,0.389077365398407,0.4486224353313446,0.47517338395118713,0.23499142367066894,5.84,1.0,1.0,H_p000-0028,1
0.1006287932395935,4.439939498901367,-0.2090223878622055,7.763916492462158,22.234024047851562,0.6230690010298661,0.004387188702821732,4.338379383087158,-0.008046884089708328,7.829317569732666,33.89121627807617,0.6282183316168898,472.3708801269531,402.881103515625,642.2503051757812,879.62841796875,3764.93896484375,0.6920700308959835,7388.42333984375,18715.974609375,4734.8349609375,15676.9873046875,468153.40625,0.6004119464469619,1079828.625,3220709.25,700586.5625,2237792.25,83613080.0,0.518022657054583,0.2969718277454376,0.2530914843082428,0.44826313853263855,0.5735110640525818,0.5964389443397522,0.14830072090628219,19.43,0.6026762738033968,9.0,H_p000-0028,1
0.18911059200763702,1.684617280960083,0.01296412106603384,2.701664447784424,29.58025550842285,0.7101321585903083,0.023118436336517334,1.6742291450500488,-0.012188391759991646,2.6951985359191895,28.955108642578125,0.7048458149779736,180.37916564941406,155.67953491210938,172.01046752929688,343.52923583984375,4139.31103515625,0.6458149779735682,7112.697265625,22648.642578125,5519.61328125,11721.658203125,562782.125,0.5797356828193833,1256645.75,4204254.0,936185.0625,1980374.0,97666232.0,0.5427312775330396,0.5811513066291809,0.13569866120815277,0.6403552293777466,0.6621444821357727,0.668739914894104,0.45374449339207046,11.36,1.0,1.0,H_p000-0041,1
-0.08955467492341995,10.247917175292969,0.019744522869586945,2.442631721496582,361.3224182128906,0.734678044996121,-0.12354200333356857,5.107749938964844,-0.004311506636440754,2.736837863922119,172.972412109375,0.712955779674166,190.6881103515625,1129.141357421875,142.2222442626953,330.4433898925781,40059.125,0.6237393328161366,11416.8056640625,126754.46875,5674.439453125,11855.7900390625,4426761.5,0.5849495733126454,1794977.125,15029851.0,922325.125,2080378.25,506764384.0,0.5089216446858029,0.6570465564727783,0.11099515855312347,0.6931120157241821,0.7229300737380981,0.7271190881729126,0.4965089216446858,12.9,0.9984496124031008,2.5,H_p000-0041,1
-0.12559889256954193,5.979426383972168,-0.09525641798973083,2.9143035411834717,218.37767028808594,0.6909200240529164,-0.04976546764373779,5.149144649505615,0.08940853923559189,3.5617685317993164,184.66262817382812,0.6620565243535779,224.62962341308594,756.56884765625,179.48257446289062,458.1520080566406,28598.79296875,0.6434155141310884,11644.1240234375,95177.921875,5856.0029296875,18473.080078125,3522891.25,0.5941070354780517,1849810.875,13067544.0,963240.8125,2698331.5,453887616.0,0.5207456404088996,0.24110034108161926,0.26285237073898315,0.10827276110649109,0.622806191444397,0.6552957892417908,0.17678893565844858,16.64,0.5498798076923077,35.0,H_p000-0041,1
-0.002406961051747203,7.469737529754639,0.07147063314914703,2.177309513092041,266.7815246582031,0.7128099173553719,-0.05151425302028656,3.756850004196167,0.013665197417140007,2.1353394985198975,128.2626190185547,0.6838842975206612,171.83364868164062,818.2962646484375,137.81466674804688,255.82337951660156,29601.296875,0.6556473829201102,11632.5615234375,106501.0546875,6226.2763671875,11879.9677734375,3731189.75,0.5991735537190083,1896536.5,14638459.0,1042175.9375,2062536.125,491993472.0,0.546831955922865,0.5204809904098511,0.10659094899892807,0.553806483745575,0.6249944567680359,0.6405063271522522,0.459366391184573,14.53,1.0,1.0,H_p000-0042,1
0.11917538940906525,1.6423085927963257,0.06847995519638062,2.842334508895874,24.943662643432617,0.6942811330839124,-0.009658980183303356,1.7965611219406128,0.032416366040706635,2.91505765914917,30.61290740966797,0.6707642971672902,202.4181671142578,135.71270751953125,193.08079528808594,353.82745361328125,3948.843505859375,0.6360235168359166,7145.2958984375,18435.650390625,6077.705078125,11771.814453125,549392.75,0.6007482629609834,1223903.75,3318469.25,991895.8125,2036305.0,94425464.0,0.5387493319080705,0.5539507269859314,0.08288756012916565,0.5856664180755615,0.6283931136131287,0.6351048946380615,0.5221806520577231,18.72,1.0,1.0,H_p000-0042,1
-0.036760322749614716,2.0395538806915283,-0.2745289206504822,2.865844249725342,71.19131469726562,0.7019607843137254,0.08438015729188919,1.5321033000946045,0.3837429881095886,2.986309051513672,9.652203559875488,0.6856209150326797,186.7653350830078,173.9960479736328,191.7190399169922,360.7602233886719,7184.26611328125,0.6297385620915033,6281.0419921875,24411.474609375,5119.11572265625,12299.5,995074.1875,0.5869281045751634,1065742.5,4527989.0,825596.625,2011853.5,171328704.0,0.5248366013071896,0.4846878945827484,0.2900046706199646,0.6618180274963379,0.7086847424507141,0.766812801361084,0.365359477124183,30.61,0.7585756288794512,8.0,H_p000-0042,1
0.1403108835220337,2.9056143760681152,0.05285000801086426,3.2559802532196045,72.46710968017578,0.5402208201892744,-0.018628571182489395,4.55277681350708,0.008180096745491028,9.16840648651123,31.63930892944336,0.25946372239747634,383.594970703125,380.4720153808594,303.2205505371094,945.718017578125,7907.29248046875,0.361198738170347,17791.234375,41539.73828125,12496.75390625,37134.96484375,1115496.375,0.5930599369085173,1726012.5,6459350.0,1122638.25,2634097.75,158872336.0,0.6088328075709779,0.7383854985237122,0.13433291018009186,0.7486250996589661,0.9066546559333801,0.9446727633476257,0.23895899053627762,12.69,1.0,1.0,H_p000-0043,1
-0.04299704357981682,10.743494987487793,0.3818725049495697,4.309847831726074,330.46234130859375,0.41658722592945663,-0.10934414714574814,6.641302108764648,-0.1944110095500946,9.081137657165527,140.5768585205078,0.17635843660629172,501.5670166015625,1159.2515869140625,418.5723876953125,969.1729125976562,35912.00390625,0.3031458531935176,25866.78515625,140068.15625,16820.333984375,40782.0,4300772.0,0.5891325071496664,2518254.0,18270880.0,1266162.75,2986903.25,539247616.0,0.6272640610104862,0.8104816675186157,0.14085230231285095,0.8551884293556213,0.928364634513855,0.9510944485664368,0.1744518589132507,10.5,1.0,1.0,H_p000-0043,1
0.004697308409959078,5.72637939453125,0.06412287056446075,4.426938056945801,230.75140380859375,0.42915162454873645,-0.02973327226936817,9.490396499633789,-0.05214764550328255,16.95816421508789,178.8097686767578,0.2305956678700361,742.5020141601562,822.9765014648438,566.7113037109375,1709.8255615234375,29192.318359375,0.3240072202166065,30798.2421875,89535.53125,23339.04296875,63213.2734375,3753523.75,0.526173285198556,2189265.0,12443268.0,1405441.875,3743598.75,504144896.0,0.6326714801444043,0.8004646301269531,0.23422318696975708,0.8774653077125549,0.9999476075172424,1.0,0.23104693140794225,22.17,0.9508344609833108,5.0,H_p000-0043,1
